# Command,Expeditor Verify_PWO_Analytics.csv --outputDir Verify_PWO_Analytics_Expeditor -overwrite -nocollect -np 4 -ntpp 1 --hashed -killflagfile C:/Users/began/AppData/Local/Temp/semuKillFileU12556
# Started,2019-05-14 11:34:39
# Output folder,C:\Users\began\Documents\Product_80\Tutorial_PWO_2\Verify_PWO\Verify_PWO_Analytics\Verify_PWO_Analytics_Expeditor

# Assembly File,..\14nmFinFET.zam


Run,2.1.15:thickness,2.1.9:lithography.dimensionalBias.xBias,2.2.9.2.2:materials['/Silicon/'].etchType.taper.sidewallAngle,CD_MAND_DEV,CD_MAND_FIN,SH_MAND_FIN,THK_PADOX_DEP,THK_PADNIT_DEP,Trench_CD,FinCD_Top,FinCD_Top_xStart,FinCD_Top_yStart,FinCD_Top_zStart,FinCD_Top_xEnd,FinCD_Top_yEnd,FinCD_Top_zEnd,FinCD_Mid,FinCD_Mid_xStart,FinCD_Mid_yStart,FinCD_Mid_zStart,FinCD_Mid_xEnd,FinCD_Mid_yEnd,FinCD_Mid_zEnd,FinCD_Bot,FinCD_Bot_xStart,FinCD_Bot_yStart,FinCD_Bot_zStart,FinCD_Bot_xEnd,FinCD_Bot_yEnd,FinCD_Bot_zEnd,GapCD_top,sidewall_angle,Duration
Run-0,38.275985374629329,-0.19247979204622068,3.7238827312477309,49.007940289,43.5476670399,43.25,3.0,30.0,44.7906772208,13.781,456.063,171.5,9.8000000000000000e+01,469.844,171.5,9.8000000000000000e+01,19.852,452.867,171.5,5.0000000000000000e+01,472.719,171.5,5.0000000000000000e+01,26.344,449.617,171.5,0.0000000000000000e+00,475.961,171.5,0.0000000000000000e+00,30.3596421763,5.1106758747,0:12:18 (H:M:S)
Run-1,37.505843537132222,1.123987384326627,4.0129964408789025,45.0350877193,40.1255952582,43.25,3.0,30.0,40.762611276,13.539,458.32,171.5,9.8000000000000000e+01,471.859,171.5,9.8000000000000000e+01,20.023,454.938,171.5,5.0000000000000000e+01,474.961,171.5,5.0000000000000000e+01,27.031,451.43,171.5,0.0000000000000000e+00,478.461,171.5,0.0000000000000000e+00,34.7738509466,5.10641702686,0:09:36 (H:M:S)
Run-2,38.299345399393154,1.4954697092528497,4.2987545885103549,45.020514439,40.1213255607,43.25,3.0,30.0,40.7252252252,13.965,457.922,171.5,9.8000000000000000e+01,471.887,171.5,9.8000000000000000e+01,21.258,453.953,171.5,5.0000000000000000e+01,475.211,171.5,5.0000000000000000e+01,28.789,450.18,171.5,0.0000000000000000e+00,478.969,171.5,0.0000000000000000e+00,33.9401590056,5.51899521974,0:11:47 (H:M:S)
Run-3,37.403254976767471,-0.86019467378842696,4.1637672227770439,49.0344719524,44.1255952582,43.25,3.0,30.0,44.7623762376,13.433,456.43,171.5,9.8000000000000000e+01,469.863,171.5,9.8000000000000000e+01,20.242,452.836,171.5,5.0000000000000000e+01,473.078,171.5,5.0000000000000000e+01,27.554,449.18,171.5,0.0000000000000000e+00,476.734,171.5,0.0000000000000000e+00,30.7882250066,5.11387466305,0:08:15 (H:M:S)
Run-4,38.877540666557216,-0.6599762441537399,4.0891386784651411,49.0264317181,44.1255952582,43.25,3.0,30.0,44.7615046371,14.347,455.516,171.5,9.8000000000000000e+01,469.863,171.5,9.8000000000000000e+01,21.109,451.914,171.5,5.0000000000000000e+01,473.023,171.5,5.0000000000000000e+01,28.274,448.328,171.5,0.0000000000000000e+00,476.602,171.5,0.0000000000000000e+00,28.8627754347,5.11032070012,0:09:18 (H:M:S)
Run-5,38.554016592820162,-0.28684223856629038,4.1508692777288605,49.0117292756,43.6835703979,43.25,3.0,30.0,44.7274774775,14.027,455.836,171.5,9.8000000000000000e+01,469.863,171.5,9.8000000000000000e+01,21.078,452.0,171.5,5.0000000000000000e+01,473.078,171.5,5.0000000000000000e+01,28.344,448.375,171.5,0.0000000000000000e+00,476.719,171.5,0.0000000000000000e+00,28.9930735931,5.06805426236,0:10:24 (H:M:S)
Run-6,38.221863451621289,0.46847737575821047,4.386631704460056,47.0214511041,42.1240110693,43.25,3.0,30.0,42.7246049661,13.86,457.023,171.5,9.8000000000000000e+01,470.883,171.5,9.8000000000000000e+01,21.219,453.07,171.5,5.0000000000000000e+01,474.289,171.5,5.0000000000000000e+01,28.875,449.242,171.5,0.0000000000000000e+00,478.117,171.5,0.0000000000000000e+00,32.3101534388,5.52842127467,0:11:03 (H:M:S)
Run-7,37.802397692437722,-1.0494606808552038,4.3709038080210112,51.0019114368,44.5665987088,43.25,3.0,30.0,44.7285067873,13.879,456.0,171.5,9.8000000000000000e+01,469.879,171.5,9.8000000000000000e+01,20.82,452.453,171.5,5.0000000000000000e+01,473.273,171.5,5.0000000000000000e+01,28.461,448.633,171.5,0.0000000000000000e+00,477.094,171.5,0.0000000000000000e+00,29.9852505514,5.52276179386,0:11:45 (H:M:S)
Run-8,36.809495075241678,-0.39226990061464262,4.1629450847425744,49.0158177792,43.7162529061,43.25,3.0,30.0,44.7603960396,12.953,456.914,171.5,9.8000000000000000e+01,469.867,171.5,9.8000000000000000e+01,20.039,453.047,171.5,5.0000000000000000e+01,473.086,171.5,5.0000000000000000e+01,27.312,449.422,171.5,0.0000000000000000e+00,476.734,171.5,0.0000000000000000e+00,31.9357156008,5.11103109852,0:10:50 (H:M:S)
Run-9,37.787854344992006,0.99978058169589457,3.8920005576293741,45.04,40.1255952582,43.25,3.0,30.0,40.7633136095,13.789,458.063,171.5,9.8000000000000000e+01,471.852,171.5,9.8000000000000000e+01,19.984,454.883,171.5,5.0000000000000000e+01,474.867,171.5,5.0000000000000000e+01,26.766,451.484,171.5,0.0000000000000000e+00,478.25,171.5,0.0000000000000000e+00,34.3684678243,5.10322753382,0:09:00 (H:M:S)
Run-10,37.255701372836931,-0.709574004384673,4.2453565261816282,49.0286028603,44.1255952582,43.25,3.0,30.0,44.7271702368,13.324,456.547,171.5,9.8000000000000000e+01,469.871,171.5,9.8000000000000000e+01,20.351,452.805,171.5,5.0000000000000000e+01,473.156,171.5,5.0000000000000000e+01,27.797,449.086,171.5,0.0000000000000000e+00,476.883,171.5,0.0000000000000000e+00,30.8992122656,5.5174900238,0:08:10 (H:M:S)
Run-11,38.522998707196052,-0.78220372229785173,4.4218282094919763,49.0313873195,44.1255952582,43.25,3.0,30.0,44.7246049661,14.141,455.734,171.5,9.8000000000000000e+01,469.875,171.5,9.8000000000000000e+01,21.586,451.734,171.5,5.0000000000000000e+01,473.32,171.5,5.0000000000000000e+01,29.313,447.867,171.5,0.0000000000000000e+00,477.18,171.5,0.0000000000000000e+00,28.9651437151,5.52313873318,0:08:12 (H:M:S)
Run-12,37.131568714600547,-0.11229986333875108,4.0625830278664976,49.004454343,42.911304126,43.25,3.0,30.0,42.9901760131,12.91,457.094,171.5,9.8000000000000000e+01,470.004,171.5,9.8000000000000000e+01,19.594,453.531,171.5,5.0000000000000000e+01,473.125,171.5,5.0000000000000000e+01,26.711,449.977,171.5,0.0000000000000000e+00,476.688,171.5,0.0000000000000000e+00,32.3634896401,5.15920136737,0:12:04 (H:M:S)
Run-13,38.979273093591864,-1.6088603252636777,4.4732418268516367,51.0245669291,46.1255952582,43.25,3.0,30.0,46.7242937853,14.457,454.422,171.5,9.8000000000000000e+01,468.879,171.5,9.8000000000000000e+01,21.812,450.547,171.5,5.0000000000000000e+01,472.359,171.5,5.0000000000000000e+01,29.632,446.641,171.5,0.0000000000000000e+00,476.273,171.5,0.0000000000000000e+00,26.7942879193,5.55956529909,0:09:04 (H:M:S)
Run-14,36.391421334476213,-0.62997841472433047,4.0500873923057199,49.0254997639,44.1255952582,43.25,3.0,30.0,44.7628458498,12.7925,457.063,171.5,9.8000000000000000e+01,469.8555,171.5,9.8000000000000000e+01,19.352,453.625,171.5,5.0000000000000000e+01,472.977,171.5,5.0000000000000000e+01,26.438,450.078,171.5,0.0000000000000000e+00,476.516,171.5,0.0000000000000000e+00,32.3582727875,5.10783585601,0:08:49 (H:M:S)
Run-15,37.976833757735577,-1.6840040177278968,4.7660661917500633,51.027672956,46.1255952582,43.25,3.0,30.0,46.6756409063,13.953,454.961,171.5,9.8000000000000000e+01,468.914,171.5,9.8000000000000000e+01,21.555,451.086,171.5,5.0000000000000000e+01,472.641,171.5,5.0000000000000000e+01,29.86,446.945,171.5,0.0000000000000000e+00,476.805,171.5,0.0000000000000000e+00,27.9742450246,5.52804361624,0:09:41 (H:M:S)
Run-16,36.696358384862471,0.89173162318241384,4.6959343592982243,47.004454343,40.911304126,43.25,3.0,30.0,40.9844535894,12.922,458.133,171.5,9.8000000000000000e+01,471.055,171.5,9.8000000000000000e+01,20.415,454.273,171.5,5.0000000000000000e+01,474.688,171.5,5.0000000000000000e+01,28.617,450.172,171.5,0.0000000000000000e+00,478.789,171.5,0.0000000000000000e+00,34.5538227465,5.61686581796,0:14:07 (H:M:S)
Run-17,35.931894855131418,-0.5594894217215115,4.3460018570852048,49.0226986129,44.1255952582,43.25,3.0,30.0,44.7271702368,12.617,457.258,171.5,9.8000000000000000e+01,469.875,171.5,9.8000000000000000e+01,19.617,453.625,171.5,5.0000000000000000e+01,473.242,171.5,5.0000000000000000e+01,27.203,449.836,171.5,0.0000000000000000e+00,477.039,171.5,0.0000000000000000e+00,32.6989677815,5.52276179386,0:10:54 (H:M:S)
Run-18,37.167099055562709,-1.7581033341014742,4.1766992381738204,51.0304600408,46.1255952582,43.25,3.0,30.0,46.7621407334,13.25,455.609,171.5,9.8000000000000000e+01,468.859,171.5,9.8000000000000000e+01,20.196,451.898,171.5,5.0000000000000000e+01,472.094,171.5,5.0000000000000000e+01,27.524,448.234,171.5,0.0000000000000000e+00,475.758,171.5,0.0000000000000000e+00,28.9138457586,5.116721385,0:07:39 (H:M:S)
Run-19,37.624801967278259,0.63223012796643807,3.5302964640681029,47.0148757715,41.7147708356,43.25,3.0,30.0,42.7945566286,13.578,457.25,171.5,9.8000000000000000e+01,470.828,171.5,9.8000000000000000e+01,19.187,454.336,171.5,5.0000000000000000e+01,473.523,171.5,5.0000000000000000e+01,25.359,451.25,171.5,0.0000000000000000e+00,476.609,171.5,0.0000000000000000e+00,32.7621231288,4.64490279634,0:11:24 (H:M:S)
Run-20,37.06871662703589,1.0639330131699025,4.3601130725431432,45.0375469337,40.1255952582,43.25,3.0,30.0,40.7258888739,13.219,458.664,171.5,9.8000000000000000e+01,471.883,171.5,9.8000000000000000e+01,20.492,454.766,171.5,5.0000000000000000e+01,475.258,171.5,5.0000000000000000e+01,28.11,450.953,171.5,0.0000000000000000e+00,479.063,171.5,0.0000000000000000e+00,34.9470910399,5.52313873318,0:08:32 (H:M:S)
Run-21,37.191418424879508,1.2910148939775805,3.9718808256598286,45.0286028603,40.1255952582,43.25,3.0,30.0,40.7630799605,13.25,458.602,171.5,9.8000000000000000e+01,471.852,171.5,9.8000000000000000e+01,19.875,455.055,171.5,5.0000000000000000e+01,474.93,171.5,5.0000000000000000e+01,26.781,451.602,171.5,0.0000000000000000e+00,478.383,171.5,0.0000000000000000e+00,34.9135391343,5.1053534208,0:08:20 (H:M:S)
Run-22,38.015835013627786,1.0635624475653409,3.9593357987674613,45.0375469337,40.1255952582,43.25,3.0,30.0,40.7630799605,13.836,458.016,171.5,9.8000000000000000e+01,471.852,171.5,9.8000000000000000e+01,20.18,454.742,171.5,5.0000000000000000e+01,474.922,171.5,5.0000000000000000e+01,27.101,451.266,171.5,0.0000000000000000e+00,478.367,171.5,0.0000000000000000e+00,34.3345072515,5.1053534208,0:08:53 (H:M:S)
Run-23,37.426730059617086,-1.1165927004320177,4.4974067111643254,51.0047717512,44.9167602373,43.25,3.0,30.0,44.9835691465,13.165,455.898,171.5,9.8000000000000000e+01,469.063,171.5,9.8000000000000000e+01,20.773,451.766,171.5,5.0000000000000000e+01,472.539,171.5,5.0000000000000000e+01,28.625,447.836,171.5,0.0000000000000000e+00,476.461,171.5,0.0000000000000000e+00,29.9250766791,5.60317726684,0:11:30 (H:M:S)
Run-24,38.288769592062359,-1.0185329832664074,4.1991586293276226,51.0006375518,44.2080351622,43.25,3.0,30.0,44.7291218415,13.957,455.914,171.5,9.8000000000000000e+01,469.871,171.5,9.8000000000000000e+01,21.125,452.0,171.5,5.0000000000000000e+01,473.125,171.5,5.0000000000000000e+01,28.485,448.32,171.5,0.0000000000000000e+00,476.805,171.5,0.0000000000000000e+00,29.9357156008,5.51711385269,0:11:00 (H:M:S)
Run-25,36.210851889661768,1.2533467016751798,4.7918267360140305,45.0301507538,40.1255952582,43.25,3.0,30.0,40.6811594203,12.873,459.016,171.5,9.8000000000000000e+01,471.889,171.5,9.8000000000000000e+01,20.515,455.141,171.5,5.0000000000000000e+01,475.656,171.5,5.0000000000000000e+01,28.859,450.977,171.5,0.0000000000000000e+00,479.836,171.5,0.0000000000000000e+00,36.3380831905,5.96195644008,0:09:08 (H:M:S)
Run-26,37.17767935378037,0.11133219665007155,4.8722711262271989,47.0357031005,42.1255952582,43.25,3.0,30.0,42.6763157895,13.347,457.563,171.5,9.8000000000000000e+01,470.91,171.5,9.8000000000000000e+01,21.461,453.266,171.5,5.0000000000000000e+01,474.727,171.5,5.0000000000000000e+01,29.946,449.023,171.5,0.0000000000000000e+00,478.969,171.5,0.0000000000000000e+00,32.8704025257,5.96316398867,0:08:18 (H:M:S)
Run-27,38.17174961497858,-1.0087851710296909,4.1378161432197791,51.0003188267,44.1960987044,43.25,3.0,30.0,44.7439367585,13.828,456.039,171.5,9.8000000000000000e+01,469.867,171.5,9.8000000000000000e+01,20.75,452.32,171.5,5.0000000000000000e+01,473.07,171.5,5.0000000000000000e+01,27.984,448.719,171.5,0.0000000000000000e+00,476.703,171.5,0.0000000000000000e+00,30.3233436854,5.0677049716,0:10:58 (H:M:S)
Run-28,37.348898372789542,-0.66889070802701267,4.0341491699758052,49.0270525322,44.1255952582,43.25,3.0,30.0,44.7628458498,13.4415,456.414,171.5,9.8000000000000000e+01,469.8555,171.5,9.8000000000000000e+01,20.008,452.961,171.5,5.0000000000000000e+01,472.969,171.5,5.0000000000000000e+01,27.054,449.438,171.5,0.0000000000000000e+00,476.492,171.5,0.0000000000000000e+00,30.8404249669,5.10499898364,0:09:14 (H:M:S)
Run-29,37.97684628310617,-1.225181097124767,3.9496462401856935,51.0092048881,45.5683656958,43.25,3.0,30.0,46.7648221344,13.829,455.023,171.5,9.8000000000000000e+01,468.852,171.5,9.8000000000000000e+01,20.078,451.836,171.5,5.0000000000000000e+01,471.914,171.5,5.0000000000000000e+01,26.977,448.375,171.5,0.0000000000000000e+00,475.352,171.5,0.0000000000000000e+00,28.3513343624,5.10429025654,0:12:13 (H:M:S)
Run-30,38.206416848504809,0.48030590123393579,4.1519425582625269,47.0211389809,42.1197091743,43.25,3.0,30.0,42.7274774775,13.844,457.023,171.5,9.8000000000000000e+01,470.867,171.5,9.8000000000000000e+01,20.773,453.305,171.5,5.0000000000000000e+01,474.078,171.5,5.0000000000000000e+01,28.032,449.695,171.5,0.0000000000000000e+00,477.727,171.5,0.0000000000000000e+00,32.3207698415,5.07015101584,0:10:18 (H:M:S)
Run-31,37.114556934079204,0.058102870888468661,4.1194939352211275,47.0378539027,42.1255952582,43.25,3.0,30.0,42.7623762376,13.211,457.641,171.5,9.8000000000000000e+01,470.852,171.5,9.8000000000000000e+01,20.078,453.961,171.5,5.0000000000000000e+01,474.039,171.5,5.0000000000000000e+01,27.312,450.344,171.5,0.0000000000000000e+00,477.656,171.5,0.0000000000000000e+00,32.9422075869,5.11316347611,0:07:52 (H:M:S)
Run-32,38.638825280529645,1.0650313158624356,3.7052070224544522,45.0375469337,40.1255952582,43.25,3.0,30.0,40.7922535211,14.156,457.688,171.5,9.8000000000000000e+01,471.844,171.5,9.8000000000000000e+01,20.383,454.32,171.5,5.0000000000000000e+01,474.703,171.5,5.0000000000000000e+01,26.86,451.078,171.5,0.0000000000000000e+00,477.938,171.5,0.0000000000000000e+00,32.9622641509,5.11032070012,0:08:26 (H:M:S)
Run-33,36.002995062923844,-0.41425359772907266,4.2255645881084671,49.0167588933,44.2002324255,43.25,3.0,30.0,44.7274774775,12.625,457.242,171.5,9.8000000000000000e+01,469.867,171.5,9.8000000000000000e+01,19.407,453.734,171.5,5.0000000000000000e+01,473.141,171.5,5.0000000000000000e+01,26.813,450.039,171.5,0.0000000000000000e+00,476.852,171.5,0.0000000000000000e+00,32.6938499178,5.07329939258,0:09:56 (H:M:S)
Run-34,38.734485186468383,-3.0121345951756267,4.7439129870779713,55.0006375518,48.2080351622,43.25,3.0,30.0,48.6756409063,14.375,453.539,171.5,9.8000000000000000e+01,467.914,171.5,9.8000000000000000e+01,22.258,449.359,171.5,5.0000000000000000e+01,471.617,171.5,5.0000000000000000e+01,30.555,445.211,171.5,0.0000000000000000e+00,475.766,171.5,0.0000000000000000e+00,24.8673456368,5.96235890213,0:11:32 (H:M:S)
Run-35,38.083097376221815,0.56588695902500719,3.997262067161599,47.017699115,42.2045220138,43.25,3.0,30.0,42.7628458498,13.797,457.055,171.5,9.8000000000000000e+01,470.852,171.5,9.8000000000000000e+01,20.305,453.648,171.5,5.0000000000000000e+01,473.953,171.5,5.0000000000000000e+01,27.289,450.141,171.5,0.0000000000000000e+00,477.43,171.5,0.0000000000000000e+00,32.3524267842,5.10570790705,0:10:50 (H:M:S)
Run-36,38.082110919991926,-1.8448963032858559,4.1015459664068414,51.0338557994,46.1255952582,43.25,3.0,30.0,46.7603960396,13.797,455.07,171.5,9.8000000000000000e+01,468.867,171.5,9.8000000000000000e+01,20.57,451.469,171.5,5.0000000000000000e+01,472.039,171.5,5.0000000000000000e+01,27.734,447.891,171.5,0.0000000000000000e+00,475.625,171.5,0.0000000000000000e+00,28.3486188252,5.11280795662,0:08:43 (H:M:S)
Run-37,37.27026813284035,-1.3660348195353724,3.9854486147945671,51.0148757715,45.7147708356,43.25,3.0,30.0,46.7648221344,13.25,455.602,171.5,9.8000000000000000e+01,468.852,171.5,9.8000000000000000e+01,19.899,452.039,171.5,5.0000000000000000e+01,471.938,171.5,5.0000000000000000e+01,26.828,448.578,171.5,0.0000000000000000e+00,475.406,171.5,0.0000000000000000e+00,28.9134924239,5.1053534208,0:10:12 (H:M:S)
Run-38,37.157040002024381,1.701755141238638,4.199858905264767,45.012044374,39.6838831974,43.25,3.0,30.0,40.7274774775,13.164,458.695,171.5,9.8000000000000000e+01,471.859,171.5,9.8000000000000000e+01,20.203,454.914,171.5,5.0000000000000000e+01,475.117,171.5,5.0000000000000000e+01,27.578,451.227,171.5,0.0000000000000000e+00,478.805,171.5,0.0000000000000000e+00,34.9558423673,5.07294938037,0:09:58 (H:M:S)
Run-39,37.034260622077163,-0.47951994609705462,3.9174483737787011,49.0192641718,44.1147823367,43.25,3.0,30.0,44.7649382143,13.129,456.719,171.5,9.8000000000000000e+01,469.848,171.5,9.8000000000000000e+01,19.742,453.141,171.5,5.0000000000000000e+01,472.883,171.5,5.0000000000000000e+01,26.547,449.742,171.5,0.0000000000000000e+00,476.289,171.5,0.0000000000000000e+00,30.9706896552,5.10322753382,0:09:41 (H:M:S)
Run-40,37.568662869242871,1.1040955558622789,4.1493827683459035,45.0360106466,40.1255952582,43.25,3.0,30.0,40.7274774775,13.64,458.227,171.5,9.8000000000000000e+01,471.867,171.5,9.8000000000000000e+01,20.281,454.797,171.5,5.0000000000000000e+01,475.078,171.5,5.0000000000000000e+01,27.563,451.156,171.5,0.0000000000000000e+00,478.719,171.5,0.0000000000000000e+00,34.6886105265,5.0715498131,0:08:55 (H:M:S)
Run-41,36.733769064348373,-2.4288327635442859,3.9825022736472593,53.0173858069,48.2033233704,43.25,3.0,30.0,48.7639510475,12.906,454.953,171.5,9.8000000000000000e+01,467.859,171.5,9.8000000000000000e+01,19.696,451.242,171.5,5.0000000000000000e+01,470.938,171.5,5.0000000000000000e+01,26.617,447.781,171.5,0.0000000000000000e+00,474.398,171.5,0.0000000000000000e+00,27.9533906494,5.10570790705,0:10:08 (H:M:S)
Run-42,38.119330698686809,-1.2808444351554193,4.1502891515821574,51.0114140774,45.6760872124,43.25,3.0,30.0,46.7294250282,13.906,454.953,171.5,9.8000000000000000e+01,468.859,171.5,9.8000000000000000e+01,20.461,451.617,171.5,5.0000000000000000e+01,472.078,171.5,5.0000000000000000e+01,27.719,448.0,171.5,0.0000000000000000e+00,475.719,171.5,0.0000000000000000e+00,27.9746912464,5.06980143677,0:10:48 (H:M:S)
Run-43,38.847058449881146,0.98450124295606611,4.4402307469631408,47.0006375518,40.2080351622,43.25,3.0,30.0,40.7252690646,14.379,457.5,171.5,9.8000000000000000e+01,471.879,171.5,9.8000000000000000e+01,21.734,453.602,171.5,5.0000000000000000e+01,475.336,171.5,5.0000000000000000e+01,29.492,449.719,171.5,0.0000000000000000e+00,479.211,171.5,0.0000000000000000e+00,32.8532264118,5.55880152757,0:12:10 (H:M:S)
Run-44,37.499824571852123,0.68575811111011731,3.8492284795860332,47.0126742712,41.6927003478,43.25,3.0,30.0,42.7650542942,13.406,457.438,171.5,9.8000000000000000e+01,470.844,171.5,9.8000000000000000e+01,19.726,454.094,171.5,5.0000000000000000e+01,473.82,171.5,5.0000000000000000e+01,26.414,450.75,171.5,0.0000000000000000e+00,477.164,171.5,0.0000000000000000e+00,32.8426443861,4.63806356514,0:10:12 (H:M:S)
Run-45,38.804113055126479,-0.61717456725419129,4.2820868886991335,49.024877972,44.1255952582,43.25,3.0,30.0,44.7252252252,14.332,455.547,171.5,9.8000000000000000e+01,469.879,171.5,9.8000000000000000e+01,21.429,451.766,171.5,5.0000000000000000e+01,473.195,171.5,5.0000000000000000e+01,28.93,448.023,171.5,0.0000000000000000e+00,476.953,171.5,0.0000000000000000e+00,28.8688008801,5.51824251944,0:08:49 (H:M:S)
Run-46,36.646462909908422,0.56830458755640956,4.7460963673197094,47.0173858069,42.2033233704,43.25,3.0,30.0,42.6745406824,12.887,458.023,171.5,9.8000000000000000e+01,470.91,171.5,9.8000000000000000e+01,20.844,453.773,171.5,5.0000000000000000e+01,474.617,171.5,5.0000000000000000e+01,29.133,449.625,171.5,0.0000000000000000e+00,478.758,171.5,0.0000000000000000e+00,34.2995375723,5.52766600923,0:10:23 (H:M:S)
Run-47,38.128788109532778,-0.63264401409956972,4.0274106696792904,49.0254997639,44.1255952582,43.25,3.0,30.0,44.762611276,13.789,456.063,171.5,9.8000000000000000e+01,469.852,171.5,9.8000000000000000e+01,20.477,452.492,171.5,5.0000000000000000e+01,472.969,171.5,5.0000000000000000e+01,27.515,448.969,171.5,0.0000000000000000e+00,476.484,171.5,0.0000000000000000e+00,30.3466402625,5.10677166044,0:08:23 (H:M:S)
Run-48,38.437626579099245,-0.030421760067003756,4.8325777934569221,49.0012746973,42.5180874489,43.25,3.0,30.0,42.6741159,14.172,456.75,171.5,9.8000000000000000e+01,470.922,171.5,9.8000000000000000e+01,22.343,452.352,171.5,5.0000000000000000e+01,474.695,171.5,5.0000000000000000e+01,30.789,448.133,171.5,0.0000000000000000e+00,478.922,171.5,0.0000000000000000e+00,30.9690683665,5.96316398867,0:11:26 (H:M:S)
Run-49,39.725085610874785,-1.1520776105443409,4.6452070091891056,51.0060403751,44.9541734736,43.25,3.0,30.0,44.9978885379,14.903,454.023,171.5,9.8000000000000000e+01,468.926,171.5,9.8000000000000000e+01,22.336,450.18,171.5,5.0000000000000000e+01,472.516,171.5,5.0000000000000000e+01,30.445,446.125,171.5,0.0000000000000000e+00,476.57,171.5,0.0000000000000000e+00,26.329230022,5.66705064053,0:13:28 (H:M:S)
Run-50,38.618577312683435,-1.6196061037551801,4.4082020313799797,51.024877972,46.1255952582,43.25,3.0,30.0,46.7246049661,14.219,454.672,171.5,9.8000000000000000e+01,468.891,171.5,9.8000000000000000e+01,21.586,450.719,171.5,5.0000000000000000e+01,472.305,171.5,5.0000000000000000e+01,29.289,446.867,171.5,0.0000000000000000e+00,476.156,171.5,0.0000000000000000e+00,26.9492235641,5.5295545587,0:08:47 (H:M:S)
Run-51,37.680959129642744,-0.11233223641104234,4.6559027830716255,49.004454343,42.911304126,43.25,3.0,30.0,42.9826245999,13.351,456.727,171.5,9.8000000000000000e+01,470.078,171.5,9.8000000000000000e+01,21.157,452.523,171.5,5.0000000000000000e+01,473.68,171.5,5.0000000000000000e+01,29.289,448.461,171.5,0.0000000000000000e+00,477.75,171.5,0.0000000000000000e+00,30.9637406099,5.61429413872,0:12:58 (H:M:S)
Run-52,35.801449748842465,-0.57693714286078324,3.9285959787231208,49.0233217775,44.1255952582,43.25,3.0,30.0,44.7650542942,12.41,457.438,171.5,9.8000000000000000e+01,469.848,171.5,9.8000000000000000e+01,18.868,454.023,171.5,5.0000000000000000e+01,472.891,171.5,5.0000000000000000e+01,25.711,450.594,171.5,0.0000000000000000e+00,476.305,171.5,0.0000000000000000e+00,32.8054176664,5.10322753382,0:09:32 (H:M:S)
Run-53,37.132225971256055,1.0156638013079187,4.1357251199466321,45.0393873085,40.1255952582,43.25,3.0,30.0,40.7623762376,13.226,458.633,171.5,9.8000000000000000e+01,471.859,171.5,9.8000000000000000e+01,20.117,454.938,171.5,5.0000000000000000e+01,475.055,171.5,5.0000000000000000e+01,27.375,451.313,171.5,0.0000000000000000e+00,478.688,171.5,0.0000000000000000e+00,34.9213152339,5.11032070012,0:08:07 (H:M:S)
Run-54,37.273187996382056,-0.92713340710626746,4.579293001419007,49.0372398686,44.1255952582,43.25,3.0,30.0,44.7239819005,13.356,456.523,171.5,9.8000000000000000e+01,469.879,171.5,9.8000000000000000e+01,20.945,452.508,171.5,5.0000000000000000e+01,473.453,171.5,5.0000000000000000e+01,28.945,448.508,171.5,0.0000000000000000e+00,477.453,171.5,0.0000000000000000e+00,30.8611101113,5.56415232549,0:08:15 (H:M:S)
Run-55,35.514483234092488,-1.0923889212450519,4.0843010887748568,51.0038192234,44.8644344471,43.25,3.0,30.0,44.773359841,12.73,457.102,171.5,9.8000000000000000e+01,469.832,171.5,9.8000000000000000e+01,19.219,453.781,171.5,5.0000000000000000e+01,473.0,171.5,5.0000000000000000e+01,26.367,450.203,171.5,0.0000000000000000e+00,476.57,171.5,0.0000000000000000e+00,32.5538610325,5.11103109852,0:11:14 (H:M:S)
Run-56,36.254129452877088,0.84001276411114623,4.2815362897617604,47.0063572791,40.9544752615,43.25,3.0,30.0,42.7213483146,12.711,458.18,171.5,9.8000000000000000e+01,470.891,171.5,9.8000000000000000e+01,19.507,454.688,171.5,5.0000000000000000e+01,474.195,171.5,5.0000000000000000e+01,27.0,450.945,171.5,0.0000000000000000e+00,477.945,171.5,0.0000000000000000e+00,34.6732315249,5.51786624604,0:13:01 (H:M:S)
Run-57,37.726525250422974,0.12023015668161208,4.6542925740618166,47.0353954581,42.1255952582,43.25,3.0,30.0,42.6771653543,13.8165,457.078,171.5,9.8000000000000000e+01,470.8945,171.5,9.8000000000000000e+01,21.265,453.258,171.5,5.0000000000000000e+01,474.523,171.5,5.0000000000000000e+01,29.414,449.188,171.5,0.0000000000000000e+00,478.602,171.5,0.0000000000000000e+00,32.3654985135,5.52163128358,0:09:11 (H:M:S)
Run-58,37.332316182507867,-0.3758768968111178,4.4476134659242579,49.0151898734,43.7147708356,43.25,3.0,30.0,44.72363281,13.348,456.539,171.5,9.8000000000000000e+01,469.887,171.5,9.8000000000000000e+01,20.703,452.633,171.5,5.0000000000000000e+01,473.336,171.5,5.0000000000000000e+01,28.469,448.75,171.5,0.0000000000000000e+00,477.219,171.5,0.0000000000000000e+00,30.8684666826,5.55918338717,0:10:11 (H:M:S)
Run-59,37.649917263431121,-0.74798785689066327,3.5633884868058923,49.0301507538,44.1255952582,43.25,3.0,30.0,44.7928007024,13.707,456.129,171.5,9.8000000000000000e+01,469.836,171.5,9.8000000000000000e+01,19.297,453.266,171.5,5.0000000000000000e+01,472.563,171.5,5.0000000000000000e+01,25.524,450.156,171.5,0.0000000000000000e+00,475.68,171.5,0.0000000000000000e+00,30.6648853844,4.64522897606,0:09:06 (H:M:S)
Run-60,36.981519416509258,-1.2272624991480838,4.03881598750477,51.0092048881,45.5683656958,43.25,3.0,30.0,46.762611276,12.9645,455.891,171.5,9.8000000000000000e+01,468.8555,171.5,9.8000000000000000e+01,19.86,452.117,171.5,5.0000000000000000e+01,471.977,171.5,5.0000000000000000e+01,26.899,448.609,171.5,0.0000000000000000e+00,475.508,171.5,0.0000000000000000e+00,29.9278776157,5.10819068618,0:11:47 (H:M:S)
Run-61,38.2011815010951,-0.76917214084805319,4.4435727317499136,49.0307692308,44.1255952582,43.25,3.0,30.0,44.7242937853,13.856,456.023,171.5,9.8000000000000000e+01,469.879,171.5,9.8000000000000000e+01,21.281,452.055,171.5,5.0000000000000000e+01,473.336,171.5,5.0000000000000000e+01,29.047,448.172,171.5,0.0000000000000000e+00,477.219,171.5,0.0000000000000000e+00,30.3164694894,5.5291767459,0:08:21 (H:M:S)
Run-62,36.943205972668714,-0.32889197344587495,4.6427690738628158,49.0133037694,43.6935916913,43.25,3.0,30.0,44.6771653543,13.043,456.844,171.5,9.8000000000000000e+01,469.887,171.5,9.8000000000000000e+01,20.938,452.57,171.5,5.0000000000000000e+01,473.508,171.5,5.0000000000000000e+01,29.047,448.516,171.5,0.0000000000000000e+00,477.563,171.5,0.0000000000000000e+00,30.9897026655,5.52012465408,0:10:26 (H:M:S)
Run-63,38.114749553079079,-1.4022161227568215,4.34270710098727,51.0161315831,45.7644860697,43.25,3.0,30.0,46.7239485866,13.855,455.055,171.5,9.8000000000000000e+01,468.91,171.5,9.8000000000000000e+01,20.922,451.328,171.5,5.0000000000000000e+01,472.25,171.5,5.0000000000000000e+01,28.484,447.555,171.5,0.0000000000000000e+00,476.039,171.5,0.0000000000000000e+00,28.3439667496,5.52125454935,0:10:50 (H:M:S)
Run-64,37.45274058220906,1.1329013064905475,4.5801559015878111,45.0347798841,40.1255952582,43.25,3.0,30.0,40.7226943831,13.5115,458.383,171.5,9.8000000000000000e+01,471.8945,171.5,9.8000000000000000e+01,21.008,454.453,171.5,5.0000000000000000e+01,475.461,171.5,5.0000000000000000e+01,29.008,450.453,171.5,0.0000000000000000e+00,479.461,171.5,0.0000000000000000e+00,34.77934892,5.5174900238,0:08:59 (H:M:S)
Run-65,37.70521239563508,-0.37120417558952001,3.9408111190763173,49.0148757715,43.7147708356,43.25,3.0,30.0,44.7650542942,13.711,456.141,171.5,9.8000000000000000e+01,469.852,171.5,9.8000000000000000e+01,19.937,452.961,171.5,5.0000000000000000e+01,472.898,171.5,5.0000000000000000e+01,26.805,449.523,171.5,0.0000000000000000e+00,476.328,171.5,0.0000000000000000e+00,30.6695841474,5.10429025654,0:11:05 (H:M:S)
Run-66,36.375638625606456,-2.9261254643061836,3.8205193696216329,53.0372398686,48.1255952582,43.25,3.0,30.0,48.7652859961,12.817,455.023,171.5,9.8000000000000000e+01,467.84,171.5,9.8000000000000000e+01,18.93,451.867,171.5,5.0000000000000000e+01,470.797,171.5,5.0000000000000000e+01,25.594,448.523,171.5,0.0000000000000000e+00,474.117,171.5,0.0000000000000000e+00,28.3431636958,5.07469992327,0:08:20 (H:M:S)
Run-67,37.354279259722766,-0.79354689899439146,4.2013928101495628,49.0320050204,44.1255952582,43.25,3.0,30.0,44.7603960396,13.394,456.477,171.5,9.8000000000000000e+01,469.871,171.5,9.8000000000000000e+01,20.296,452.813,171.5,5.0000000000000000e+01,473.109,171.5,5.0000000000000000e+01,27.672,449.125,171.5,0.0000000000000000e+00,476.797,171.5,0.0000000000000000e+00,30.8497161995,5.11707744751,0:09:21 (H:M:S)
Run-68,38.125925533258048,-0.4854423893696555,3.6582287753449338,49.0195768866,44.116878026,43.25,3.0,30.0,44.7908611599,13.77,456.07,171.5,9.8000000000000000e+01,469.84,171.5,9.8000000000000000e+01,19.789,452.859,171.5,5.0000000000000000e+01,472.648,171.5,5.0000000000000000e+01,26.195,449.664,171.5,0.0000000000000000e+00,475.859,171.5,0.0000000000000000e+00,30.3594235977,5.10677166044,0:11:48 (H:M:S)
Run-69,38.883179807018173,-0.48925526089946791,4.137460407480984,49.0198895028,44.1206234598,43.25,3.0,30.0,44.7274774775,14.344,455.531,171.5,9.8000000000000000e+01,469.875,171.5,9.8000000000000000e+01,21.195,451.875,171.5,5.0000000000000000e+01,473.07,171.5,5.0000000000000000e+01,28.461,448.242,171.5,0.0000000000000000e+00,476.703,171.5,0.0000000000000000e+00,28.8666906546,5.070500643,0:11:38 (H:M:S)
Run-70,38.665375669516806,0.3981811002360599,4.0999159508732772,47.0242557883,42.1255952582,43.25,3.0,30.0,42.7603960396,14.222,456.641,171.5,9.8000000000000000e+01,470.863,171.5,9.8000000000000000e+01,21.054,452.977,171.5,5.0000000000000000e+01,474.031,171.5,5.0000000000000000e+01,28.242,449.383,171.5,0.0000000000000000e+00,477.625,171.5,0.0000000000000000e+00,30.9406668253,5.10819068618,0:10:07 (H:M:S)
Run-71,37.514561402043462,0.077060579615573555,4.0593058939623852,47.0369327074,42.1255952582,43.25,3.0,30.0,42.7615046371,13.539,457.32,171.5,9.8000000000000000e+01,470.859,171.5,9.8000000000000000e+01,20.109,453.891,171.5,5.0000000000000000e+01,474.0,171.5,5.0000000000000000e+01,27.211,450.336,171.5,0.0000000000000000e+00,477.547,171.5,0.0000000000000000e+00,32.7757539683,5.10890049403,0:08:56 (H:M:S)
Run-72,36.445277052904537,1.2634035758913895,3.5786213194451095,45.0295318882,40.1255952582,43.25,3.0,30.0,40.7929824561,12.719,459.109,171.5,9.8000000000000000e+01,471.828,171.5,9.8000000000000000e+01,18.625,455.938,171.5,5.0000000000000000e+01,474.563,171.5,5.0000000000000000e+01,24.89,452.813,171.5,0.0000000000000000e+00,477.703,171.5,0.0000000000000000e+00,36.5350140808,4.64947347581,0:09:19 (H:M:S)
Run-73,38.383194544325747,-2.3945956592341009,4.3039318446655539,53.0161315831,47.7644860697,43.25,3.0,30.0,48.7241025537,14.0,453.906,171.5,9.8000000000000000e+01,467.906,171.5,9.8000000000000000e+01,21.281,449.93,171.5,5.0000000000000000e+01,471.211,171.5,5.0000000000000000e+01,28.821,446.156,171.5,0.0000000000000000e+00,474.977,171.5,0.0000000000000000e+00,25.9340036719,5.5174900238,0:11:28 (H:M:S)
Run-74,37.550830856331537,-1.1597849066100914,4.0343926345688113,51.0063572791,44.9544752615,43.25,3.0,30.0,46.7622105917,13.289,455.57,171.5,9.8000000000000000e+01,468.859,171.5,9.8000000000000000e+01,19.969,451.992,171.5,5.0000000000000000e+01,471.961,171.5,5.0000000000000000e+01,27.0,448.484,171.5,0.0000000000000000e+00,475.484,171.5,0.0000000000000000e+00,28.9041005215,5.10890049403,0:12:59 (H:M:S)
Run-75,38.42232067055366,-0.57993025050459979,4.118000760046753,49.0233217775,44.1255952582,43.25,3.0,30.0,44.7603960396,14.019,455.852,171.5,9.8000000000000000e+01,469.871,171.5,9.8000000000000000e+01,21.024,452.031,171.5,5.0000000000000000e+01,473.055,171.5,5.0000000000000000e+01,28.226,448.438,171.5,0.0000000000000000e+00,476.664,171.5,0.0000000000000000e+00,28.9910132676,5.06630828863,0:10:27 (H:M:S)
Run-76,38.129726826041214,-1.1528607766489127,4.2027274760720479,51.0063572791,44.9544752615,43.25,3.0,30.0,46.7252252252,13.898,454.977,171.5,9.8000000000000000e+01,468.875,171.5,9.8000000000000000e+01,20.524,451.609,171.5,5.0000000000000000e+01,472.133,171.5,5.0000000000000000e+01,27.875,447.945,171.5,0.0000000000000000e+00,475.82,171.5,0.0000000000000000e+00,27.9912872951,5.07259941633,0:13:28 (H:M:S)
Run-77,39.041165303537255,-0.29984818076573083,4.2916438158860979,49.012044374,43.6838831974,43.25,3.0,30.0,44.7271702368,14.426,455.445,171.5,9.8000000000000000e+01,469.871,171.5,9.8000000000000000e+01,21.484,451.719,171.5,5.0000000000000000e+01,473.203,171.5,5.0000000000000000e+01,28.984,447.977,171.5,0.0000000000000000e+00,476.961,171.5,0.0000000000000000e+00,28.7897645172,5.5174900238,0:10:45 (H:M:S)
Run-78,37.750958096321142,-0.032793435023432904,4.1160030112436052,49.0012746973,42.5180874489,43.25,3.0,30.0,42.7656405164,13.8165,457.039,171.5,9.8000000000000000e+01,470.8555,171.5,9.8000000000000000e+01,20.297,453.75,171.5,5.0000000000000000e+01,474.047,171.5,5.0000000000000000e+01,27.523,450.141,171.5,0.0000000000000000e+00,477.664,171.5,0.0000000000000000e+00,32.3635763831,5.11032070012,0:11:43 (H:M:S)
Run-79,38.652079633185359,-0.85425242243339961,3.9332225675429253,49.0341639241,44.1255952582,43.25,3.0,30.0,44.7630799605,14.1995,455.656,171.5,9.8000000000000000e+01,469.8555,171.5,9.8000000000000000e+01,20.789,452.109,171.5,5.0000000000000000e+01,472.898,171.5,5.0000000000000000e+01,27.625,448.695,171.5,0.0000000000000000e+00,476.32,171.5,0.0000000000000000e+00,28.945299774,5.10429025654,0:09:19 (H:M:S)
Run-80,39.302993440258057,0.30367258356381399,4.4933641407934681,47.0279830215,42.1255952582,43.25,3.0,30.0,42.7220338983,14.8315,456.063,171.5,9.8000000000000000e+01,470.8945,171.5,9.8000000000000000e+01,22.024,452.359,171.5,5.0000000000000000e+01,474.383,171.5,5.0000000000000000e+01,29.86,448.445,171.5,0.0000000000000000e+00,478.305,171.5,0.0000000000000000e+00,30.359600552,5.56147564355,0:10:36 (H:M:S)
Run-81,37.325302228479444,-0.12666879145814453,4.2716343273479218,49.0050890585,42.9263301833,43.25,3.0,30.0,42.9844890511,13.179,456.891,171.5,9.8000000000000000e+01,470.07,171.5,9.8000000000000000e+01,20.398,452.977,171.5,5.0000000000000000e+01,473.375,171.5,5.0000000000000000e+01,27.882,449.227,171.5,0.0000000000000000e+00,477.109,171.5,0.0000000000000000e+00,31.9248255234,5.0960362522,0:11:29 (H:M:S)
Run-82,38.008562724169529,-0.80086942763421121,4.3780918909808406,49.0323137255,44.1255952582,43.25,3.0,30.0,44.7246049661,13.864,456.023,171.5,9.8000000000000000e+01,469.887,171.5,9.8000000000000000e+01,20.89,452.391,171.5,5.0000000000000000e+01,473.281,171.5,5.0000000000000000e+01,28.532,448.57,171.5,0.0000000000000000e+00,477.102,171.5,0.0000000000000000e+00,30.328322168,5.52540144672,0:09:34 (H:M:S)
Run-83,36.92006505739883,-1.3053992144324233,4.090609146741361,51.0123593725,45.6847326579,43.25,3.0,30.0,46.762611276,12.9725,455.883,171.5,9.8000000000000000e+01,468.8555,171.5,9.8000000000000000e+01,19.96,452.063,171.5,5.0000000000000000e+01,472.023,171.5,5.0000000000000000e+01,27.094,448.508,171.5,0.0000000000000000e+00,475.602,171.5,0.0000000000000000e+00,29.9232881886,5.10996557477,0:10:24 (H:M:S)
Run-84,37.958654219738435,-1.5704810034478887,3.8373220026327206,51.0230102443,46.1255952582,43.25,3.0,30.0,46.7633136095,13.895,454.957,171.5,9.8000000000000000e+01,468.852,171.5,9.8000000000000000e+01,19.898,451.922,171.5,5.0000000000000000e+01,471.82,171.5,5.0000000000000000e+01,26.586,448.57,171.5,0.0000000000000000e+00,475.156,171.5,0.0000000000000000e+00,27.9820522008,5.07399956154,0:11:23 (H:M:S)
Run-85,37.837514655516131,1.2157421920103353,4.2414345784316412,45.0313873195,40.1255952582,43.25,3.0,30.0,40.7268623025,13.851,458.016,171.5,9.8000000000000000e+01,471.867,171.5,9.8000000000000000e+01,20.516,454.648,171.5,5.0000000000000000e+01,475.164,171.5,5.0000000000000000e+01,27.938,450.945,171.5,0.0000000000000000e+00,478.883,171.5,0.0000000000000000e+00,34.3521700609,5.5174900238,0:08:55 (H:M:S)
Run-86,37.910124658522392,-0.70448423943028304,4.5296161545476332,49.0282929896,44.1255952582,43.25,3.0,30.0,44.7239819005,13.916,455.977,171.5,9.8000000000000000e+01,469.893,171.5,9.8000000000000000e+01,21.07,452.344,171.5,5.0000000000000000e+01,473.414,171.5,5.0000000000000000e+01,28.969,448.398,171.5,0.0000000000000000e+00,477.367,171.5,0.0000000000000000e+00,29.987364033,5.5618578695,0:10:09 (H:M:S)
Run-87,38.376696906745622,0.13513350312195527,4.4019696612769792,47.0347798841,42.1255952582,43.25,3.0,30.0,42.7246049661,14.004,456.883,171.5,9.8000000000000000e+01,470.887,171.5,9.8000000000000000e+01,21.492,452.813,171.5,5.0000000000000000e+01,474.305,171.5,5.0000000000000000e+01,29.179,448.969,171.5,0.0000000000000000e+00,478.148,171.5,0.0000000000000000e+00,31.9196344789,5.5295545587,0:09:44 (H:M:S)
Run-88,37.542120594914557,-1.1744373945682791,3.6470639052933755,51.0069907849,44.9555304037,43.25,3.0,30.0,46.7891036907,13.305,455.539,171.5,9.8000000000000000e+01,468.844,171.5,9.8000000000000000e+01,19.32,452.336,171.5,5.0000000000000000e+01,471.656,171.5,5.0000000000000000e+01,25.703,449.141,171.5,0.0000000000000000e+00,474.844,171.5,0.0000000000000000e+00,28.8984996763,5.10748107501,0:11:51 (H:M:S)
Run-89,38.077464255569609,-1.8225772799711737,3.7200525853347486,51.0329308452,46.1255952582,43.25,3.0,30.0,46.7906772208,13.766,455.078,171.5,9.8000000000000000e+01,468.844,171.5,9.8000000000000000e+01,19.891,451.82,171.5,5.0000000000000000e+01,471.711,171.5,5.0000000000000000e+01,26.391,448.57,171.5,0.0000000000000000e+00,474.961,171.5,0.0000000000000000e+00,28.3620336097,5.10961049865,0:08:40 (H:M:S)
Run-90,38.039575589926194,-0.70832079575918805,3.9671612285294122,49.0286028603,44.1255952582,43.25,3.0,30.0,44.7628458498,13.789,456.07,171.5,9.8000000000000000e+01,469.859,171.5,9.8000000000000000e+01,20.274,452.656,171.5,5.0000000000000000e+01,472.93,171.5,5.0000000000000000e+01,27.211,449.172,171.5,0.0000000000000000e+00,476.383,171.5,0.0000000000000000e+00,30.3541998493,5.10570790705,0:09:28 (H:M:S)
Run-91,36.107377850875636,-1.0273813645610517,4.2286813920397037,51.0009561753,44.4725061958,43.25,3.0,30.0,44.7294250282,12.795,457.07,171.5,9.8000000000000000e+01,469.865,171.5,9.8000000000000000e+01,19.469,453.672,171.5,5.0000000000000000e+01,473.141,171.5,5.0000000000000000e+01,26.875,449.977,171.5,0.0000000000000000e+00,476.852,171.5,0.0000000000000000e+00,32.5439220616,5.51711385269,0:11:25 (H:M:S)
Run-92,38.540375363414711,-0.88557353146916418,4.0842072498512607,49.0353954581,44.1255952582,43.25,3.0,30.0,44.7606330366,14.129,455.734,171.5,9.8000000000000000e+01,469.863,171.5,9.8000000000000000e+01,21.0,452.023,171.5,5.0000000000000000e+01,473.023,171.5,5.0000000000000000e+01,28.125,448.461,171.5,0.0000000000000000e+00,476.586,171.5,0.0000000000000000e+00,28.97582038,5.10961049865,0:09:06 (H:M:S)
Run-93,36.402571061753818,0.091901058481844156,4.1025551990645424,47.0363180964,42.1255952582,43.25,3.0,30.0,42.7623762376,12.773,458.086,171.5,9.8000000000000000e+01,470.859,171.5,9.8000000000000000e+01,19.484,454.547,171.5,5.0000000000000000e+01,474.031,171.5,5.0000000000000000e+01,26.664,450.961,171.5,0.0000000000000000e+00,477.625,171.5,0.0000000000000000e+00,34.3606105803,5.10996557477,0:08:45 (H:M:S)
Run-94,36.340628514309124,0.39835109512532929,4.2492789485860358,47.0242557883,42.1255952582,43.25,3.0,30.0,42.7274774775,12.906,457.961,171.5,9.8000000000000000e+01,470.867,171.5,9.8000000000000000e+01,19.609,454.547,171.5,5.0000000000000000e+01,474.156,171.5,5.0000000000000000e+01,27.055,450.836,171.5,0.0000000000000000e+00,477.891,171.5,0.0000000000000000e+00,33.978830615,5.51711385269,0:09:57 (H:M:S)
Run-95,37.283265208915701,-0.75746976749710626,3.8474010473665148,49.0304600408,44.1255952582,43.25,3.0,30.0,44.7650542942,13.313,456.531,171.5,9.8000000000000000e+01,469.844,171.5,9.8000000000000000e+01,19.703,453.125,171.5,5.0000000000000000e+01,472.828,171.5,5.0000000000000000e+01,26.391,449.781,171.5,0.0000000000000000e+00,476.172,171.5,0.0000000000000000e+00,30.8946159947,4.63806356514,0:07:32 (H:M:S)
Run-96,38.067213870188404,1.2707357719704357,4.6691809059290605,45.0292223095,40.1255952582,43.25,3.0,30.0,40.6758530184,13.859,458.055,171.5,9.8000000000000000e+01,471.914,171.5,9.8000000000000000e+01,21.539,454.0,171.5,5.0000000000000000e+01,475.539,171.5,5.0000000000000000e+01,29.711,449.922,171.5,0.0000000000000000e+00,479.633,171.5,0.0000000000000000e+00,34.3373871543,5.52200806907,0:09:30 (H:M:S)
Run-97,39.43112704196686,-0.48571539158554938,4.5336510561711778,49.0195768866,44.116878026,43.25,3.0,30.0,44.7210620959,14.914,454.984,171.5,9.8000000000000000e+01,469.898,171.5,9.8000000000000000e+01,22.062,451.352,171.5,5.0000000000000000e+01,473.414,171.5,5.0000000000000000e+01,29.977,447.398,171.5,0.0000000000000000e+00,477.375,171.5,0.0000000000000000e+00,27.9916626121,5.56109346997,0:11:55 (H:M:S)
Run-98,37.387065670053531,0.76541501444781013,4.0412377370345229,47.0095207871,41.5689873098,43.25,3.0,30.0,42.7628458498,13.2535,457.602,171.5,9.8000000000000000e+01,470.8555,171.5,9.8000000000000000e+01,19.977,454.0,171.5,5.0000000000000000e+01,473.977,171.5,5.0000000000000000e+01,27.031,450.469,171.5,0.0000000000000000e+00,477.5,171.5,0.0000000000000000e+00,32.9131098583,5.10783585601,0:12:01 (H:M:S)
Run-99,37.827307222579407,-1.5868314325803321,4.0441580930657226,51.0236332125,46.1255952582,43.25,3.0,30.0,46.7616221563,13.848,455.023,171.5,9.8000000000000000e+01,468.871,171.5,9.8000000000000000e+01,20.156,451.828,171.5,5.0000000000000000e+01,471.984,171.5,5.0000000000000000e+01,27.235,448.281,171.5,0.0000000000000000e+00,475.516,171.5,0.0000000000000000e+00,28.3588341414,5.10677166044,0:09:55 (H:M:S)
Run-100,38.853936600563308,-0.6927199044747957,4.1716950832844555,49.0279830215,44.1255952582,43.25,3.0,30.0,44.7274774775,14.34,455.531,171.5,9.8000000000000000e+01,469.871,171.5,9.8000000000000000e+01,21.25,451.844,171.5,5.0000000000000000e+01,473.094,171.5,5.0000000000000000e+01,28.57,448.188,171.5,0.0000000000000000e+00,476.758,171.5,0.0000000000000000e+00,28.8666595694,5.07224950044,0:09:39 (H:M:S)
Run-101,38.197205529232171,-0.072966307141407338,3.2973614181934345,49.0028657857,42.7650515586,43.25,3.0,30.0,42.8150197628,13.984,456.836,171.5,9.8000000000000000e+01,470.82,171.5,9.8000000000000000e+01,19.617,453.703,171.5,5.0000000000000000e+01,473.32,171.5,5.0000000000000000e+01,25.375,450.828,171.5,0.0000000000000000e+00,476.203,171.5,0.0000000000000000e+00,30.9902245727,4.67807941015,0:11:00 (H:M:S)
Run-102,36.807206871413811,2.4618076373917823,4.0231340746352711,43.0217631288,38.1255952582,43.25,3.0,30.0,38.7628458498,12.9725,459.883,171.5,9.8000000000000000e+01,472.8555,171.5,9.8000000000000000e+01,19.844,456.117,171.5,5.0000000000000000e+01,475.961,171.5,5.0000000000000000e+01,26.844,452.625,171.5,0.0000000000000000e+00,479.469,171.5,0.0000000000000000e+00,37.9233150159,5.10641702686,0:10:02 (H:M:S)
Run-103,36.466233812161832,0.40662888580863699,4.6094705176915944,47.0239445495,42.1255952582,43.25,3.0,30.0,42.725625801,12.809,458.078,171.5,9.8000000000000000e+01,470.887,171.5,9.8000000000000000e+01,20.461,454.016,171.5,5.0000000000000000e+01,474.477,171.5,5.0000000000000000e+01,28.523,449.977,171.5,0.0000000000000000e+00,478.5,171.5,0.0000000000000000e+00,34.3358006279,5.56338729718,0:10:01 (H:M:S)
Run-104,37.222996608797807,-0.59467317296463773,4.0160908620612012,49.0239445495,44.1255952582,43.25,3.0,30.0,44.7619757383,13.273,456.594,171.5,9.8000000000000000e+01,469.867,171.5,9.8000000000000000e+01,19.945,453.016,171.5,5.0000000000000000e+01,472.961,171.5,5.0000000000000000e+01,26.953,449.508,171.5,0.0000000000000000e+00,476.461,171.5,0.0000000000000000e+00,30.9112006988,5.10641702686,0:09:57 (H:M:S)
Run-105,38.273244288221377,0.75682548663867666,4.5961723767059954,47.0098365858,41.5767764647,43.25,3.0,30.0,42.6983433458,13.875,457.039,171.5,9.8000000000000000e+01,470.914,171.5,9.8000000000000000e+01,21.477,453.0,171.5,5.0000000000000000e+01,474.477,171.5,5.0000000000000000e+01,29.5,448.984,171.5,0.0000000000000000e+00,478.484,171.5,0.0000000000000000e+00,32.3258353556,5.5174900238,0:11:06 (H:M:S)
Run-106,38.093552325205252,0.50540382444696774,4.9244249627738483,47.0198895028,42.1206234598,43.25,3.0,30.0,42.6710526316,13.879,457.047,171.5,9.8000000000000000e+01,470.926,171.5,9.8000000000000000e+01,21.992,452.789,171.5,5.0000000000000000e+01,474.781,171.5,5.0000000000000000e+01,30.579,448.484,171.5,0.0000000000000000e+00,479.063,171.5,0.0000000000000000e+00,32.3264114364,5.96719267308,0:10:58 (H:M:S)
Run-107,38.209980404373972,-1.6406783678691523,4.1416226529166487,51.0258105131,46.1255952582,43.25,3.0,30.0,46.7439367585,13.84,455.023,171.5,9.8000000000000000e+01,468.863,171.5,9.8000000000000000e+01,20.773,451.297,171.5,5.0000000000000000e+01,472.07,171.5,5.0000000000000000e+01,28.015,447.688,171.5,0.0000000000000000e+00,475.703,171.5,0.0000000000000000e+00,28.3206754963,5.06665738738,0:08:12 (H:M:S)
Run-108,38.76946612865531,1.0725206835853074,4.6351987870095739,45.0372398686,40.1255952582,43.25,3.0,30.0,40.679369251,14.342,457.547,171.5,9.8000000000000000e+01,471.889,171.5,9.8000000000000000e+01,22.039,453.469,171.5,5.0000000000000000e+01,475.508,171.5,5.0000000000000000e+01,30.133,449.422,171.5,0.0000000000000000e+00,479.555,171.5,0.0000000000000000e+00,32.8677216355,5.52012465408,0:08:20 (H:M:S)
Run-109,38.759711418560542,-3.1760441848364449,4.1758418973518188,55.0073073868,48.9580119874,43.25,3.0,30.0,50.7271702368,14.129,452.742,171.5,9.8000000000000000e+01,466.871,171.5,9.8000000000000000e+01,21.156,448.953,171.5,5.0000000000000000e+01,470.109,171.5,5.0000000000000000e+01,28.484,445.289,171.5,0.0000000000000000e+00,473.773,171.5,0.0000000000000000e+00,22.9775086505,5.21324955472,0:11:21 (H:M:S)
Run-110,36.965191490578,0.081827221082317991,3.4426378021915403,47.0369327074,42.1255952582,43.25,3.0,30.0,42.8132911392,13.039,457.781,171.5,9.8000000000000000e+01,470.82,171.5,9.8000000000000000e+01,18.851,454.594,171.5,5.0000000000000000e+01,473.445,171.5,5.0000000000000000e+01,24.867,451.586,171.5,0.0000000000000000e+00,476.453,171.5,0.0000000000000000e+00,32.9829059829,4.6837101437,0:08:26 (H:M:S)
Run-111,37.792799776024793,0.84192249683646392,4.1270842600476509,47.0063572791,40.9544752615,43.25,3.0,30.0,42.7274774775,13.574,457.297,171.5,9.8000000000000000e+01,470.871,171.5,9.8000000000000000e+01,20.211,453.852,171.5,5.0000000000000000e+01,474.063,171.5,5.0000000000000000e+01,27.461,450.227,171.5,0.0000000000000000e+00,477.688,171.5,0.0000000000000000e+00,32.7682336876,5.07085031826,0:12:27 (H:M:S)
Run-112,37.096500311196415,-0.25209964381777439,4.8236204836996635,49.0101522843,43.6523129424,43.25,3.0,30.0,44.6741130092,13.175,456.727,171.5,9.8000000000000000e+01,469.902,171.5,9.8000000000000000e+01,21.305,452.375,171.5,5.0000000000000000e+01,473.68,171.5,5.0000000000000000e+01,29.742,448.156,171.5,0.0000000000000000e+00,477.898,171.5,0.0000000000000000e+00,30.9648374914,5.96235890213,0:11:09 (H:M:S)
Run-113,37.995568775003228,-0.66971184902494996,3.9466726065007216,49.0270525322,44.1255952582,43.25,3.0,30.0,44.7630799605,13.9025,455.953,171.5,9.8000000000000000e+01,469.8555,171.5,9.8000000000000000e+01,20.117,452.797,171.5,5.0000000000000000e+01,472.914,171.5,5.0000000000000000e+01,27.008,449.336,171.5,0.0000000000000000e+00,476.344,171.5,0.0000000000000000e+00,29.9775117843,5.10429025654,0:09:10 (H:M:S)
Run-114,35.979967650314251,0.11751982674786576,4.0319128095746954,47.0353954581,42.1255952582,43.25,3.0,30.0,42.7628458498,12.657,458.195,171.5,9.8000000000000000e+01,470.852,171.5,9.8000000000000000e+01,19.086,454.883,171.5,5.0000000000000000e+01,473.969,171.5,5.0000000000000000e+01,26.14,451.344,171.5,0.0000000000000000e+00,477.484,171.5,0.0000000000000000e+00,34.6802802871,5.10748107501,0:09:13 (H:M:S)
Run-115,37.595498347208562,-1.8146608045825623,4.0787507585203278,51.0326223338,46.1255952582,43.25,3.0,30.0,46.7623762376,13.685,455.18,171.5,9.8000000000000000e+01,468.865,171.5,9.8000000000000000e+01,20.171,451.852,171.5,5.0000000000000000e+01,472.023,171.5,5.0000000000000000e+01,27.305,448.273,171.5,0.0000000000000000e+00,475.578,171.5,0.0000000000000000e+00,28.6766933751,5.10854556551,0:08:30 (H:M:S)
Run-116,37.432554106356505,0.52835985562803356,4.3663841630793421,47.0189513582,42.1147823367,43.25,3.0,30.0,42.7258888739,13.449,457.43,171.5,9.8000000000000000e+01,470.879,171.5,9.8000000000000000e+01,20.61,453.656,171.5,5.0000000000000000e+01,474.266,171.5,5.0000000000000000e+01,28.234,449.844,171.5,0.0000000000000000e+00,478.078,171.5,0.0000000000000000e+00,32.8217059536,5.52238490583,0:10:02 (H:M:S)
Run-117,38.195372712708988,-2.3448591799436138,4.2646139045422506,53.0139328689,47.7075762129,43.25,3.0,30.0,48.7268623025,13.797,454.07,171.5,9.8000000000000000e+01,467.867,171.5,9.8000000000000000e+01,20.899,450.281,171.5,5.0000000000000000e+01,471.18,171.5,5.0000000000000000e+01,28.344,446.578,171.5,0.0000000000000000e+00,474.922,171.5,0.0000000000000000e+00,26.3409432526,5.5174900238,0:09:38 (H:M:S)
Run-118,37.6645814875816,0.87235432252282374,3.7191039311219569,47.0050890585,40.9263301833,43.25,3.0,30.0,40.9875679876,13.383,457.664,171.5,9.8000000000000000e+01,471.047,171.5,9.8000000000000000e+01,19.593,454.313,171.5,5.0000000000000000e+01,473.906,171.5,5.0000000000000000e+01,26.086,451.055,171.5,0.0000000000000000e+00,477.141,171.5,0.0000000000000000e+00,32.9480662703,5.19483661112,0:10:32 (H:M:S)
Run-119,38.686957172052693,-0.50016329404378534,3.8782157195196909,49.0202020202,44.117582285,43.25,3.0,30.0,44.7633136095,14.186,455.664,171.5,9.8000000000000000e+01,469.85,171.5,9.8000000000000000e+01,20.696,452.156,171.5,5.0000000000000000e+01,472.852,171.5,5.0000000000000000e+01,27.446,448.781,171.5,0.0000000000000000e+00,476.227,171.5,0.0000000000000000e+00,28.9472789857,5.10322753382,0:09:48 (H:M:S)
Run-120,39.038927741626274,-1.7610158391932371,4.4933504057727882,51.0304600408,46.1255952582,43.25,3.0,30.0,46.7241378429,14.555,454.328,171.5,9.8000000000000000e+01,468.883,171.5,9.8000000000000000e+01,21.867,450.516,171.5,5.0000000000000000e+01,472.383,171.5,5.0000000000000000e+01,29.711,446.594,171.5,0.0000000000000000e+00,476.305,171.5,0.0000000000000000e+00,26.7114162738,5.55994726331,0:08:23 (H:M:S)
Run-121,37.976464724859568,-0.47489893920771087,3.865206900587475,49.0192641718,44.1147823367,43.25,3.0,30.0,44.7633136095,13.883,455.969,171.5,9.8000000000000000e+01,469.852,171.5,9.8000000000000000e+01,19.93,452.914,171.5,5.0000000000000000e+01,472.844,171.5,5.0000000000000000e+01,26.664,449.539,171.5,0.0000000000000000e+00,476.203,171.5,0.0000000000000000e+00,29.9888792229,5.10216525236,0:11:15 (H:M:S)
Run-122,37.006261310046554,-0.13279178525316176,4.1420815354905294,49.0054062649,42.928758483,43.25,3.0,30.0,42.9868906186,13.0,457.039,171.5,9.8000000000000000e+01,470.039,171.5,9.8000000000000000e+01,19.875,453.352,171.5,5.0000000000000000e+01,473.227,171.5,5.0000000000000000e+01,27.109,449.75,171.5,0.0000000000000000e+00,476.859,171.5,0.0000000000000000e+00,32.3318834648,5.65964014247,0:10:33 (H:M:S)
Run-123,37.251639770586216,-1.2643810526229209,3.8143253587186634,51.0107833809,45.6676146127,43.25,3.0,30.0,46.7670286278,13.188,455.656,171.5,9.8000000000000000e+01,468.844,171.5,9.8000000000000000e+01,19.586,452.211,171.5,5.0000000000000000e+01,471.797,171.5,5.0000000000000000e+01,26.211,448.898,171.5,0.0000000000000000e+00,475.109,171.5,0.0000000000000000e+00,28.9476238789,4.63903936752,0:11:09 (H:M:S)
Run-124,37.472920743991011,-0.74211483441770665,4.396337841164816,49.0298413696,44.1255952582,43.25,3.0,30.0,44.7246049661,13.516,456.359,171.5,9.8000000000000000e+01,469.875,171.5,9.8000000000000000e+01,20.695,452.602,171.5,5.0000000000000000e+01,473.297,171.5,5.0000000000000000e+01,28.367,448.766,171.5,0.0000000000000000e+00,477.133,171.5,0.0000000000000000e+00,30.7749719218,5.52577874534,0:07:38 (H:M:S)
Run-125,38.957012986593647,-0.14327277245960024,3.9407591611028789,49.0057233704,42.9538779454,43.25,3.0,30.0,42.9962797619,14.277,455.68,171.5,9.8000000000000000e+01,469.957,171.5,9.8000000000000000e+01,20.844,452.125,171.5,5.0000000000000000e+01,472.969,171.5,5.0000000000000000e+01,27.703,448.703,171.5,0.0000000000000000e+00,476.406,171.5,0.0000000000000000e+00,28.9491208088,5.24963586882,0:12:47 (H:M:S)
Run-126,37.945491858827459,0.82334680609621091,4.2297350760147667,47.0073073868,40.9580119874,43.25,3.0,30.0,42.7252252252,13.793,457.082,171.5,9.8000000000000000e+01,470.875,171.5,9.8000000000000000e+01,20.476,453.68,171.5,5.0000000000000000e+01,474.156,171.5,5.0000000000000000e+01,27.883,449.984,171.5,0.0000000000000000e+00,477.867,171.5,0.0000000000000000e+00,32.5467371293,5.51824251944,0:12:15 (H:M:S)
Run-127,37.802653675317991,-2.2509086615642642,4.1236640645956495,53.0101522843,47.6523129424,43.25,3.0,30.0,48.7274774775,13.765,454.102,171.5,9.8000000000000000e+01,467.867,171.5,9.8000000000000000e+01,20.274,450.789,171.5,5.0000000000000000e+01,471.063,171.5,5.0000000000000000e+01,27.508,447.172,171.5,0.0000000000000000e+00,474.68,171.5,0.0000000000000000e+00,26.5598149878,5.07120004162,0:11:36 (H:M:S)
Run-128,37.962814009443861,-2.4273042240559097,3.7095929913955139,53.0173858069,48.2033233704,43.25,3.0,30.0,48.7906772208,13.852,453.992,171.5,9.8000000000000000e+01,467.844,171.5,9.8000000000000000e+01,19.648,451.055,171.5,5.0000000000000000e+01,470.703,171.5,5.0000000000000000e+01,26.109,447.836,171.5,0.0000000000000000e+00,473.945,171.5,0.0000000000000000e+00,26.0033651086,5.10925547174,0:10:13 (H:M:S)
Run-129,37.189568196634802,0.28381426135414378,4.0874590192982874,47.0289126336,42.1255952582,43.25,3.0,30.0,42.762611276,13.2535,457.602,171.5,9.8000000000000000e+01,470.8555,171.5,9.8000000000000000e+01,20.054,453.969,171.5,5.0000000000000000e+01,474.023,171.5,5.0000000000000000e+01,27.195,450.391,171.5,0.0000000000000000e+00,477.586,171.5,0.0000000000000000e+00,32.9132752609,5.10996557477,0:07:45 (H:M:S)
Run-130,37.112687019261863,0.68064621378789048,3.7821673663778843,47.0129890702,41.6927003478,43.25,3.0,30.0,42.7652859961,13.11,457.734,171.5,9.8000000000000000e+01,470.844,171.5,9.8000000000000000e+01,19.5,454.266,171.5,5.0000000000000000e+01,473.766,171.5,5.0000000000000000e+01,26.078,450.977,171.5,0.0000000000000000e+00,477.055,171.5,0.0000000000000000e+00,32.9741602067,4.63838878708,0:08:58 (H:M:S)
Run-131,37.072716496526297,0.29158132906530931,4.6367273925346408,47.0286028603,42.1255952582,43.25,3.0,30.0,42.7236693092,13.25,457.641,171.5,9.8000000000000000e+01,470.891,171.5,9.8000000000000000e+01,20.984,453.516,171.5,5.0000000000000000e+01,474.5,171.5,5.0000000000000000e+01,29.094,449.461,171.5,0.0000000000000000e+00,478.555,171.5,0.0000000000000000e+00,32.921955114,5.56530026131,0:07:46 (H:M:S)
Run-132,36.959784717049011,-0.9132629797766153,4.085162675803315,49.03662545,44.1255952582,43.25,3.0,30.0,44.762611276,13.1135,456.742,171.5,9.8000000000000000e+01,469.8555,171.5,9.8000000000000000e+01,19.993,453.023,171.5,5.0000000000000000e+01,473.016,171.5,5.0000000000000000e+01,27.117,449.461,171.5,0.0000000000000000e+00,476.578,171.5,0.0000000000000000e+00,30.9775280899,5.10925547174,0:08:41 (H:M:S)
Run-133,38.310045964763837,-0.28074116766424528,4.7164854129833049,49.0114140774,43.6760872124,43.25,3.0,30.0,44.6767411301,13.879,456.023,171.5,9.8000000000000000e+01,469.902,171.5,9.8000000000000000e+01,21.75,451.828,171.5,5.0000000000000000e+01,473.578,171.5,5.0000000000000000e+01,30.008,447.711,171.5,0.0000000000000000e+00,477.719,171.5,0.0000000000000000e+00,30.3098389337,5.52464700354,0:10:08 (H:M:S)
Run-134,39.096401915595962,-1.3667481561063375,3.9869279841695011,51.0148757715,45.7147708356,43.25,3.0,30.0,46.7628458498,14.507,454.352,171.5,9.8000000000000000e+01,468.859,171.5,9.8000000000000000e+01,20.984,450.961,171.5,5.0000000000000000e+01,471.945,171.5,5.0000000000000000e+01,27.937,447.477,171.5,0.0000000000000000e+00,475.414,171.5,0.0000000000000000e+00,26.7824973265,5.1053534208,0:10:35 (H:M:S)
Run-135,37.14446698736019,0.39228677366389919,3.8211093444807416,47.0245669291,42.1255952582,43.25,3.0,30.0,42.7661573119,13.201,457.641,171.5,9.8000000000000000e+01,470.842,171.5,9.8000000000000000e+01,19.602,454.195,171.5,5.0000000000000000e+01,473.797,171.5,5.0000000000000000e+01,26.242,450.875,171.5,0.0000000000000000e+00,477.117,171.5,0.0000000000000000e+00,32.9418478776,5.10251929717,0:09:12 (H:M:S)
Run-136,38.399515570162698,-2.0009949298004805,4.8022143538992568,51.04,46.1255952582,43.25,3.0,30.0,46.6752143993,14.078,454.836,171.5,9.8000000000000000e+01,468.914,171.5,9.8000000000000000e+01,22.227,450.445,171.5,5.0000000000000000e+01,472.672,171.5,5.0000000000000000e+01,30.633,446.234,171.5,0.0000000000000000e+00,476.867,171.5,0.0000000000000000e+00,26.9930252833,5.96235890213,0:08:35 (H:M:S)
Run-137,36.75326807302622,-0.94229582326988104,4.6405968397270092,49.0378539027,44.1255952582,43.25,3.0,30.0,44.7236693092,12.996,456.891,171.5,9.8000000000000000e+01,469.887,171.5,9.8000000000000000e+01,20.883,452.617,171.5,5.0000000000000000e+01,473.5,171.5,5.0000000000000000e+01,28.985,448.57,171.5,0.0000000000000000e+00,477.555,171.5,0.0000000000000000e+00,31.9204580534,5.56606581421,0:08:00 (H:M:S)
Run-138,37.036841963515933,-1.3347390685656881,4.0049835030136816,51.013618369,45.7009126156,43.25,3.0,30.0,46.7648221344,13.079,455.773,171.5,9.8000000000000000e+01,468.852,171.5,9.8000000000000000e+01,19.875,452.078,171.5,5.0000000000000000e+01,471.953,171.5,5.0000000000000000e+01,26.836,448.602,171.5,0.0000000000000000e+00,475.438,171.5,0.0000000000000000e+00,28.9827139153,5.10358172569,0:09:43 (H:M:S)
Run-139,37.635896946604596,-0.73982055864829777,4.3544080007639394,49.0298413696,44.1255952582,43.25,3.0,30.0,44.7249154453,13.727,456.148,171.5,9.8000000000000000e+01,469.875,171.5,9.8000000000000000e+01,20.656,452.602,171.5,5.0000000000000000e+01,473.258,171.5,5.0000000000000000e+01,28.266,448.797,171.5,0.0000000000000000e+00,477.063,171.5,0.0000000000000000e+00,30.5670717655,5.52125454935,0:09:11 (H:M:S)
Run-140,38.882613254447065,-1.8128986093573478,4.1478509297798674,51.0326223338,46.1255952582,43.25,3.0,30.0,46.7274774775,14.363,454.508,171.5,9.8000000000000000e+01,468.871,171.5,9.8000000000000000e+01,21.219,450.859,171.5,5.0000000000000000e+01,472.078,171.5,5.0000000000000000e+01,28.5,447.219,171.5,0.0000000000000000e+00,475.719,171.5,0.0000000000000000e+00,26.8605281506,5.06665738738,0:08:31 (H:M:S)
Run-141,40.093079617712036,-0.26413732430888404,4.1241278227996503,49.0107833809,43.6676146127,43.25,3.0,30.0,44.7255364915,15.07,454.813,171.5,9.8000000000000000e+01,469.883,171.5,9.8000000000000000e+01,22.047,451.016,171.5,5.0000000000000000e+01,473.063,171.5,5.0000000000000000e+01,29.266,447.414,171.5,0.0000000000000000e+00,476.68,171.5,0.0000000000000000e+00,26.9887640449,5.0718996327,0:11:27 (H:M:S)
Run-142,38.255167661771345,-0.89861870358719098,3.7928462751982144,49.0360106466,44.1255952582,43.25,3.0,30.0,44.7652859961,13.887,455.961,171.5,9.8000000000000000e+01,469.848,171.5,9.8000000000000000e+01,20.336,452.445,171.5,5.0000000000000000e+01,472.781,171.5,5.0000000000000000e+01,26.961,449.109,171.5,0.0000000000000000e+00,476.07,171.5,0.0000000000000000e+00,29.958080718,5.07329939258,0:08:51 (H:M:S)
Run-143,38.905511231423226,-1.5664104607409675,3.7370828674239389,51.0226986129,46.1255952582,43.25,3.0,30.0,46.7904929577,14.367,454.477,171.5,9.8000000000000000e+01,468.844,171.5,9.8000000000000000e+01,20.539,451.188,171.5,5.0000000000000000e+01,471.727,171.5,5.0000000000000000e+01,27.039,447.945,171.5,0.0000000000000000e+00,474.984,171.5,0.0000000000000000e+00,26.8731598701,5.11032070012,0:10:10 (H:M:S)
Run-144,37.545152122084559,-0.13658864853927483,4.2715915624655727,49.0057233704,42.9538779454,43.25,3.0,30.0,42.9950718686,13.375,456.586,171.5,9.8000000000000000e+01,469.961,171.5,9.8000000000000000e+01,20.43,452.82,171.5,5.0000000000000000e+01,473.25,171.5,5.0000000000000000e+01,27.914,449.07,171.5,0.0000000000000000e+00,476.984,171.5,0.0000000000000000e+00,30.9096439581,5.66356093933,0:12:29 (H:M:S)
Run-145,38.276565782770717,-2.3313482927970637,3.7390937387211571,53.0133037694,47.6935916913,43.25,3.0,30.0,48.7904929577,13.781,454.063,171.5,9.8000000000000000e+01,467.844,171.5,9.8000000000000000e+01,20.031,450.703,171.5,5.0000000000000000e+01,470.734,171.5,5.0000000000000000e+01,26.539,447.438,171.5,0.0000000000000000e+00,473.977,171.5,0.0000000000000000e+00,26.3468107566,5.10783585601,0:09:14 (H:M:S)
Run-146,37.966777167257106,-1.5383581565964231,4.5014171415122401,51.0217631288,46.1255952582,43.25,3.0,30.0,46.7239819005,13.922,454.953,171.5,9.8000000000000000e+01,468.875,171.5,9.8000000000000000e+01,21.071,451.32,171.5,5.0000000000000000e+01,472.391,171.5,5.0000000000000000e+01,28.922,447.398,171.5,0.0000000000000000e+00,476.32,171.5,0.0000000000000000e+00,27.970917906,5.56071134874,0:10:43 (H:M:S)
Run-147,37.941162844979786,-1.9705900544443606,4.0069148792019575,51.0387742339,46.1255952582,43.25,3.0,30.0,46.7628458498,13.8865,454.969,171.5,9.8000000000000000e+01,468.8555,171.5,9.8000000000000000e+01,20.172,451.789,171.5,5.0000000000000000e+01,471.961,171.5,5.0000000000000000e+01,27.18,448.273,171.5,0.0000000000000000e+00,475.453,171.5,0.0000000000000000e+00,27.9892256451,5.10712634316,0:08:23 (H:M:S)
Run-148,36.6719925363344,0.73628069756459713,4.1647107928914453,47.0107833809,41.6676146127,43.25,3.0,30.0,42.7621407334,12.793,458.07,171.5,9.8000000000000000e+01,470.863,171.5,9.8000000000000000e+01,19.781,454.305,171.5,5.0000000000000000e+01,474.086,171.5,5.0000000000000000e+01,27.054,450.688,171.5,0.0000000000000000e+00,477.742,171.5,0.0000000000000000e+00,34.3406608857,5.11565349392,0:11:33 (H:M:S)
Run-149,37.501388881594487,-1.3904351473314702,4.6505195063763747,51.0158177792,45.7162529061,43.25,3.0,30.0,46.7207467342,13.449,455.438,171.5,9.8000000000000000e+01,468.887,171.5,9.8000000000000000e+01,21.133,451.383,171.5,5.0000000000000000e+01,472.516,171.5,5.0000000000000000e+01,29.258,447.32,171.5,0.0000000000000000e+00,476.578,171.5,0.0000000000000000e+00,28.792754017,5.51824251944,0:10:24 (H:M:S)
Run-150,36.889855215166136,0.70617444625595593,4.6215072500869265,47.012044374,41.6838831974,43.25,3.0,30.0,42.721719457,13.008,457.883,171.5,9.8000000000000000e+01,470.891,171.5,9.8000000000000000e+01,20.851,453.633,171.5,5.0000000000000000e+01,474.484,171.5,5.0000000000000000e+01,28.929,449.594,171.5,0.0000000000000000e+00,478.523,171.5,0.0000000000000000e+00,33.9195356256,5.56453491831,0:10:29 (H:M:S)
Run-151,35.784265386967164,-0.25129283516650536,4.3849585365729542,49.0101522843,43.6523129424,43.25,3.0,30.0,44.7268623025,12.277,457.594,171.5,9.8000000000000000e+01,469.871,171.5,9.8000000000000000e+01,19.601,453.68,171.5,5.0000000000000000e+01,473.281,171.5,5.0000000000000000e+01,27.257,449.852,171.5,0.0000000000000000e+00,477.109,171.5,0.0000000000000000e+00,32.9093983765,5.52804361624,0:10:56 (H:M:S)
Run-152,39.760481491447422,-1.991498608487134,4.1263566490715728,51.0396937021,46.1255952582,43.25,3.0,30.0,46.7255343082,14.867,454.0,171.5,9.8000000000000000e+01,468.867,171.5,9.8000000000000000e+01,21.805,450.258,171.5,5.0000000000000000e+01,472.063,171.5,5.0000000000000000e+01,29.024,446.664,171.5,0.0000000000000000e+00,475.688,171.5,0.0000000000000000e+00,25.9610564226,5.06910242284,0:08:11 (H:M:S)
Run-153,37.521446667648405,-2.5065487702083571,4.3558233761183001,53.020514439,48.1213255607,43.25,3.0,30.0,48.7249154453,13.555,454.32,171.5,9.8000000000000000e+01,467.875,171.5,9.8000000000000000e+01,20.625,450.633,171.5,5.0000000000000000e+01,471.258,171.5,5.0000000000000000e+01,28.227,446.836,171.5,0.0000000000000000e+00,475.063,171.5,0.0000000000000000e+00,26.7075954861,5.52163128358,0:09:12 (H:M:S)
Run-154,36.61788816551659,-1.1736401519317852,3.9461816101368337,51.0069907849,44.9555304037,43.25,3.0,30.0,46.7628458498,12.914,455.945,171.5,9.8000000000000000e+01,468.859,171.5,9.8000000000000000e+01,19.125,452.797,171.5,5.0000000000000000e+01,471.922,171.5,5.0000000000000000e+01,26.016,449.336,171.5,0.0000000000000000e+00,475.352,171.5,0.0000000000000000e+00,29.9731831067,5.10322753382,0:12:07 (H:M:S)
Run-155,38.62717200220748,-0.76072169123766709,4.2388922210971831,49.0304600408,44.1255952582,43.25,3.0,30.0,44.7271702368,14.205,455.664,171.5,9.8000000000000000e+01,469.869,171.5,9.8000000000000000e+01,21.297,451.859,171.5,5.0000000000000000e+01,473.156,171.5,5.0000000000000000e+01,28.734,448.141,171.5,0.0000000000000000e+00,476.875,171.5,0.0000000000000000e+00,28.9457026735,5.51786624604,0:08:35 (H:M:S)
Run-156,37.935401824058239,-0.64008852588049114,3.9985127092884314,49.0258105131,44.1255952582,43.25,3.0,30.0,44.7628458498,13.89,455.969,171.5,9.8000000000000000e+01,469.859,171.5,9.8000000000000000e+01,20.156,452.797,171.5,5.0000000000000000e+01,472.953,171.5,5.0000000000000000e+01,27.149,449.289,171.5,0.0000000000000000e+00,476.438,171.5,0.0000000000000000e+00,29.9892256451,5.1060624424,0:08:45 (H:M:S)
Run-157,36.861631555186008,-1.3570660422105827,4.7428867680830891,51.0145615701,45.7087614746,43.25,3.0,30.0,46.6756409063,13.027,455.875,171.5,9.8000000000000000e+01,468.902,171.5,9.8000000000000000e+01,21.093,451.516,171.5,5.0000000000000000e+01,472.609,171.5,5.0000000000000000e+01,29.391,447.359,171.5,0.0000000000000000e+00,476.75,171.5,0.0000000000000000e+00,29.9148511193,5.52691094948,0:10:31 (H:M:S)
Run-158,38.285473715214273,-1.1305806058537131,4.9227819426036268,51.0054062649,44.928758483,43.25,3.0,30.0,44.9803724292,14.049,455.047,171.5,9.8000000000000000e+01,469.096,171.5,9.8000000000000000e+01,22.0,450.945,171.5,5.0000000000000000e+01,472.945,171.5,5.0000000000000000e+01,30.586,446.648,171.5,0.0000000000000000e+00,477.234,171.5,0.0000000000000000e+00,28.3387835417,6.03768252142,0:12:07 (H:M:S)
Run-159,37.35884896324562,0.55463568704465371,4.760426567882063,47.0180123242,42.2070038057,43.25,3.0,30.0,42.6734433425,13.434,457.484,171.5,9.8000000000000000e+01,470.918,171.5,9.8000000000000000e+01,21.305,453.32,171.5,5.0000000000000000e+01,474.625,171.5,5.0000000000000000e+01,29.617,449.164,171.5,0.0000000000000000e+00,478.781,171.5,0.0000000000000000e+00,32.8453783079,5.52766600923,0:11:06 (H:M:S)
Run-160,40.794729391669875,-0.76252547736438725,4.1482542691413533,49.0307692308,44.1255952582,43.25,3.0,30.0,44.7255343082,15.812,454.055,171.5,9.8000000000000000e+01,469.867,171.5,9.8000000000000000e+01,22.39,450.688,171.5,5.0000000000000000e+01,473.078,171.5,5.0000000000000000e+01,29.672,447.047,171.5,0.0000000000000000e+00,476.719,171.5,0.0000000000000000e+00,26.3613027597,5.07015101584,0:09:01 (H:M:S)
Run-161,38.031193745825554,0.17927612316144015,4.1022540898303665,47.0329308452,42.1255952582,43.25,3.0,30.0,42.7603960396,13.828,457.039,171.5,9.8000000000000000e+01,470.867,171.5,9.8000000000000000e+01,20.453,453.586,171.5,5.0000000000000000e+01,474.039,171.5,5.0000000000000000e+01,27.633,450.0,171.5,0.0000000000000000e+00,477.633,171.5,0.0000000000000000e+00,32.3460470475,5.11209706554,0:08:42 (H:M:S)
Run-162,37.528987111524948,-1.6797150864554329,4.0251098638223688,51.0273627929,46.1255952582,43.25,3.0,30.0,46.762611276,13.5745,455.281,171.5,9.8000000000000000e+01,468.8555,171.5,9.8000000000000000e+01,20.055,451.914,171.5,5.0000000000000000e+01,471.969,171.5,5.0000000000000000e+01,27.093,448.391,171.5,0.0000000000000000e+00,475.484,171.5,0.0000000000000000e+00,28.7652743937,5.10570790705,0:08:47 (H:M:S)
Run-163,37.125138133611337,2.3312976921798008,4.2359049011062879,43.0270525322,38.1255952582,43.25,3.0,30.0,38.7274774775,13.238,459.633,171.5,9.8000000000000000e+01,472.871,171.5,9.8000000000000000e+01,20.289,455.859,171.5,5.0000000000000000e+01,476.148,171.5,5.0000000000000000e+01,27.726,452.141,171.5,0.0000000000000000e+00,479.867,171.5,0.0000000000000000e+00,36.9199564974,5.51598564612,0:08:56 (H:M:S)
Run-164,39.24272844283491,-1.8564953184146775,4.2918331469313049,51.0344719524,46.1255952582,43.25,3.0,30.0,46.7252252252,14.785,454.094,171.5,9.8000000000000000e+01,468.879,171.5,9.8000000000000000e+01,21.601,450.602,171.5,5.0000000000000000e+01,472.203,171.5,5.0000000000000000e+01,29.102,446.859,171.5,0.0000000000000000e+00,475.961,171.5,0.0000000000000000e+00,26.377888851,5.51824251944,0:09:19 (H:M:S)
Run-165,36.740124408339518,0.2545471580521621,4.6099971333780347,47.0298413696,42.1255952582,43.25,3.0,30.0,42.7236693092,12.989,457.898,171.5,9.8000000000000000e+01,470.887,171.5,9.8000000000000000e+01,20.821,453.656,171.5,5.0000000000000000e+01,474.477,171.5,5.0000000000000000e+01,28.867,449.633,171.5,0.0000000000000000e+00,478.5,171.5,0.0000000000000000e+00,33.9250766791,5.56032927986,0:08:20 (H:M:S)
Run-166,38.902694872335097,-0.86933851448982824,4.257142349839655,49.0347798841,44.1255952582,43.25,3.0,30.0,44.7249154453,14.402,455.477,171.5,9.8000000000000000e+01,469.879,171.5,9.8000000000000000e+01,21.414,451.758,171.5,5.0000000000000000e+01,473.172,171.5,5.0000000000000000e+01,28.875,448.031,171.5,0.0000000000000000e+00,476.906,171.5,0.0000000000000000e+00,28.8712830723,5.51786624604,0:09:03 (H:M:S)
Run-167,37.508688702580201,-0.1005605044027213,3.8417854431897047,49.0041368337,42.8728116656,43.25,3.0,30.0,42.9883359253,13.078,456.945,171.5,9.8000000000000000e+01,470.023,171.5,9.8000000000000000e+01,19.594,453.367,171.5,5.0000000000000000e+01,472.961,171.5,5.0000000000000000e+01,26.29,450.023,171.5,0.0000000000000000e+00,476.313,171.5,0.0000000000000000e+00,31.9533422619,5.1964680631,0:12:27 (H:M:S)
Run-168,36.723475272713465,0.30060620005073568,4.1370762939899883,47.0279830215,42.1255952582,43.25,3.0,30.0,42.7623762376,12.933,457.93,171.5,9.8000000000000000e+01,470.863,171.5,9.8000000000000000e+01,19.985,454.07,171.5,5.0000000000000000e+01,474.055,171.5,5.0000000000000000e+01,27.211,450.477,171.5,0.0000000000000000e+00,477.688,171.5,0.0000000000000000e+00,33.9418503459,5.11174169393,0:08:13 (H:M:S)
Run-169,38.27671059941126,-0.37863658388954669,3.9557997252578327,49.015503876,43.7219038699,43.25,3.0,30.0,44.7648221344,13.8165,456.039,171.5,9.8000000000000000e+01,469.8555,171.5,9.8000000000000000e+01,20.422,452.5,171.5,5.0000000000000000e+01,472.922,171.5,5.0000000000000000e+01,27.32,449.039,171.5,0.0000000000000000e+00,476.359,171.5,0.0000000000000000e+00,30.331322176,5.10464459555,0:10:46 (H:M:S)
Run-170,36.297805950966548,-0.31125753171927872,3.3301203969252184,49.0126742712,43.6927003478,43.25,3.0,30.0,44.8164556962,12.774,457.039,171.5,9.8000000000000000e+01,469.813,171.5,9.8000000000000000e+01,17.891,454.453,171.5,5.0000000000000000e+01,472.344,171.5,5.0000000000000000e+01,23.703,451.547,171.5,0.0000000000000000e+00,475.25,171.5,0.0000000000000000e+00,32.633640222,4.67907208723,0:09:52 (H:M:S)
Run-171,38.281353527485336,-0.9641317370387753,4.8221299177056798,49.0384675528,44.1255952582,43.25,3.0,30.0,44.6774200818,13.996,455.914,171.5,9.8000000000000000e+01,469.91,171.5,9.8000000000000000e+01,22.188,451.5,171.5,5.0000000000000000e+01,473.688,171.5,5.0000000000000000e+01,30.632,447.266,171.5,0.0000000000000000e+00,477.898,171.5,0.0000000000000000e+00,29.9304769692,5.96316398867,0:08:22 (H:M:S)
Run-172,38.566867000828744,-1.9717875377669123,4.1197862215914629,51.0387742339,46.1255952582,43.25,3.0,30.0,46.7603960396,14.14,454.719,171.5,9.8000000000000000e+01,468.859,171.5,9.8000000000000000e+01,21.071,450.984,171.5,5.0000000000000000e+01,472.055,171.5,5.0000000000000000e+01,28.281,447.383,171.5,0.0000000000000000e+00,475.664,171.5,0.0000000000000000e+00,26.9601238905,5.1106758747,0:07:48 (H:M:S)
Run-173,38.097204742112105,1.2844433211594097,4.5005152346853361,45.0289126336,40.1255952582,43.25,3.0,30.0,40.7230078994,13.832,458.055,171.5,9.8000000000000000e+01,471.887,171.5,9.8000000000000000e+01,21.297,454.094,171.5,5.0000000000000000e+01,475.391,171.5,5.0000000000000000e+01,29.156,450.164,171.5,0.0000000000000000e+00,479.32,171.5,0.0000000000000000e+00,34.3354847131,5.56032927986,0:09:10 (H:M:S)
Run-174,38.053499210548665,-1.2747159301607613,4.2496812056193596,51.0110987791,45.6685376252,43.25,3.0,30.0,46.7271702368,13.894,454.973,171.5,9.8000000000000000e+01,468.867,171.5,9.8000000000000000e+01,20.562,451.602,171.5,5.0000000000000000e+01,472.164,171.5,5.0000000000000000e+01,28.007,447.891,171.5,0.0000000000000000e+00,475.898,171.5,0.0000000000000000e+00,27.9863879197,5.51786624604,0:10:24 (H:M:S)
Run-175,36.952792964746344,-1.94287833603908,3.3792808807024999,51.0378539027,46.1255952582,43.25,3.0,30.0,46.8163103721,13.024,455.789,171.5,9.8000000000000000e+01,468.813,171.5,9.8000000000000000e+01,18.743,452.648,171.5,5.0000000000000000e+01,471.391,171.5,5.0000000000000000e+01,24.649,449.695,171.5,0.0000000000000000e+00,474.344,171.5,0.0000000000000000e+00,28.9844599845,4.67973410551,0:07:12 (H:M:S)
Run-176,37.131257200024493,-0.0038322168221676667,4.3266967909776319,49.0003188267,42.1960987044,43.25,3.0,30.0,42.7268623025,13.269,457.602,171.5,9.8000000000000000e+01,470.871,171.5,9.8000000000000000e+01,20.461,453.766,171.5,5.0000000000000000e+01,474.227,171.5,5.0000000000000000e+01,28.039,449.977,171.5,0.0000000000000000e+00,478.016,171.5,0.0000000000000000e+00,32.9137961159,5.52238490583,0:10:02 (H:M:S)
Run-177,37.206402925897272,-0.69904415483818749,4.5060859460442408,49.0279830215,44.1255952582,43.25,3.0,30.0,44.7233207076,13.321,456.57,171.5,9.8000000000000000e+01,469.891,171.5,9.8000000000000000e+01,20.789,452.594,171.5,5.0000000000000000e+01,473.383,171.5,5.0000000000000000e+01,28.664,448.656,171.5,0.0000000000000000e+00,477.32,171.5,0.0000000000000000e+00,30.9033076055,5.56109346997,0:08:50 (H:M:S)
Run-178,37.099904080301101,-2.0145897345302082,4.1353124033621942,53.0006375518,46.2080351622,43.25,3.0,30.0,46.7439367585,13.226,455.633,171.5,9.8000000000000000e+01,468.859,171.5,9.8000000000000000e+01,20.125,451.938,171.5,5.0000000000000000e+01,472.063,171.5,5.0000000000000000e+01,27.382,448.313,171.5,0.0000000000000000e+00,475.695,171.5,0.0000000000000000e+00,28.9213152339,5.06875298797,0:10:15 (H:M:S)
Run-179,38.545820356507164,0.14370630682534147,4.2022996203972189,47.0344719524,42.1255952582,43.25,3.0,30.0,42.7252252252,14.139,456.734,171.5,9.8000000000000000e+01,470.873,171.5,9.8000000000000000e+01,21.203,452.922,171.5,5.0000000000000000e+01,474.125,171.5,5.0000000000000000e+01,28.579,449.234,171.5,0.0000000000000000e+00,477.813,171.5,0.0000000000000000e+00,30.9757575758,5.51673773272,0:08:56 (H:M:S)
Run-180,38.236507290924642,-0.75035974809577199,4.5841115952263882,49.0301507538,44.1255952582,43.25,3.0,30.0,44.7236693092,13.887,456.0,171.5,9.8000000000000000e+01,469.887,171.5,9.8000000000000000e+01,21.57,451.891,171.5,5.0000000000000000e+01,473.461,171.5,5.0000000000000000e+01,29.578,447.891,171.5,0.0000000000000000e+00,477.469,171.5,0.0000000000000000e+00,29.9583896199,5.56415232549,0:08:52 (H:M:S)
Run-181,37.12485306126846,-0.50468602017323994,4.048106953168956,49.020514439,44.1213255607,43.25,3.0,30.0,44.7628458498,13.211,456.641,171.5,9.8000000000000000e+01,469.852,171.5,9.8000000000000000e+01,19.954,453.023,171.5,5.0000000000000000e+01,472.977,171.5,5.0000000000000000e+01,27.032,449.484,171.5,0.0000000000000000e+00,476.516,171.5,0.0000000000000000e+00,30.9425042381,5.10783585601,0:09:00 (H:M:S)
Run-182,36.81091103395989,1.4856005641271688,4.3485261171107839,45.0208267592,40.1197091743,43.25,3.0,30.0,40.7268623025,12.996,458.875,171.5,9.8000000000000000e+01,471.871,171.5,9.8000000000000000e+01,20.383,454.859,171.5,5.0000000000000000e+01,475.242,171.5,5.0000000000000000e+01,28.008,451.039,171.5,0.0000000000000000e+00,479.047,171.5,0.0000000000000000e+00,35.9187407527,5.52276179386,0:10:38 (H:M:S)
Run-183,37.451101271470073,0.99876413053889779,3.7834573853043336,45.04,40.1255952582,43.25,3.0,30.0,40.7642998028,13.485,458.359,171.5,9.8000000000000000e+01,471.844,171.5,9.8000000000000000e+01,19.64,455.133,171.5,5.0000000000000000e+01,474.773,171.5,5.0000000000000000e+01,26.219,451.844,171.5,0.0000000000000000e+00,478.063,171.5,0.0000000000000000e+00,34.820150213,4.63806356514,0:08:26 (H:M:S)
Run-184,37.799354889917637,0.01396916052678504,3.862840306823208,47.0393873085,42.1255952582,43.25,3.0,30.0,42.7633136095,13.805,457.039,171.5,9.8000000000000000e+01,470.844,171.5,9.8000000000000000e+01,19.938,453.898,171.5,5.0000000000000000e+01,473.836,171.5,5.0000000000000000e+01,26.672,450.523,171.5,0.0000000000000000e+00,477.195,171.5,0.0000000000000000e+00,32.3564227297,5.07364945297,0:08:52 (H:M:S)
Run-185,36.951232379791428,1.2388932465984532,4.0784753548623813,45.0304600408,40.1255952582,43.25,3.0,30.0,40.762611276,13.102,458.75,171.5,9.8000000000000000e+01,471.852,171.5,9.8000000000000000e+01,19.985,455.031,171.5,5.0000000000000000e+01,475.016,171.5,5.0000000000000000e+01,27.101,451.469,171.5,0.0000000000000000e+00,478.57,171.5,0.0000000000000000e+00,34.9775280899,5.10925547174,0:07:33 (H:M:S)
Run-186,38.255687156269985,-0.30818487324516008,4.2985749583785582,49.0123593725,43.6847326579,43.25,3.0,30.0,44.7252252252,13.82,456.055,171.5,9.8000000000000000e+01,469.875,171.5,9.8000000000000000e+01,20.992,452.219,171.5,5.0000000000000000e+01,473.211,171.5,5.0000000000000000e+01,28.492,448.477,171.5,0.0000000000000000e+00,476.969,171.5,0.0000000000000000e+00,30.328253249,5.51824251944,0:10:11 (H:M:S)
Run-187,38.418147845358263,0.31709866425440936,3.8824235613963038,47.0273627929,42.1255952582,43.25,3.0,30.0,42.7630799605,13.9965,456.859,171.5,9.8000000000000000e+01,470.8555,171.5,9.8000000000000000e+01,20.625,453.234,171.5,5.0000000000000000e+01,473.859,171.5,5.0000000000000000e+01,27.375,449.859,171.5,0.0000000000000000e+00,477.234,171.5,0.0000000000000000e+00,30.9912804111,5.10287339098,0:08:51 (H:M:S)
Run-188,35.664572160584463,-2.4407187761159888,4.3947645810333782,53.017699115,48.2045220138,43.25,3.0,30.0,48.7239442091,12.3005,455.594,171.5,9.8000000000000000e+01,467.8945,171.5,9.8000000000000000e+01,19.609,451.68,171.5,5.0000000000000000e+01,471.289,171.5,5.0000000000000000e+01,27.289,447.836,171.5,0.0000000000000000e+00,475.125,171.5,0.0000000000000000e+00,28.9095969444,5.5295545587,0:10:16 (H:M:S)
Run-189,38.437452924846674,-0.58328253990764345,3.77745450999396,49.0236332125,44.1255952582,43.25,3.0,30.0,44.7652859961,13.996,455.852,171.5,9.8000000000000000e+01,469.848,171.5,9.8000000000000000e+01,20.446,452.32,171.5,5.0000000000000000e+01,472.766,171.5,5.0000000000000000e+01,27.016,449.031,171.5,0.0000000000000000e+00,476.047,171.5,0.0000000000000000e+00,28.993754879,4.63806356514,0:09:31 (H:M:S)
Run-190,38.885955179715708,1.3609056226974565,3.9712831652455676,45.0258105131,40.1255952582,43.25,3.0,30.0,40.7628458498,14.349,457.508,171.5,9.8000000000000000e+01,471.857,171.5,9.8000000000000000e+01,20.938,454.0,171.5,5.0000000000000000e+01,474.938,171.5,5.0000000000000000e+01,27.844,450.539,171.5,0.0000000000000000e+00,478.383,171.5,0.0000000000000000e+00,32.8593831948,5.10499898364,0:08:46 (H:M:S)
Run-191,37.206644582730284,-0.17437219316347785,4.4918401413808775,49.0069907849,42.9555304037,43.25,3.0,30.0,44.7239819005,13.141,456.742,171.5,9.8000000000000000e+01,469.883,171.5,9.8000000000000000e+01,20.688,452.695,171.5,5.0000000000000000e+01,473.383,171.5,5.0000000000000000e+01,28.532,448.773,171.5,0.0000000000000000e+00,477.305,171.5,0.0000000000000000e+00,30.9668875202,5.55956529909,0:11:45 (H:M:S)
Run-192,38.392726659585492,-1.0248994252883157,4.6224331174885895,51.0009561753,44.4725061958,43.25,3.0,30.0,44.6804740992,14.082,455.82,171.5,9.8000000000000000e+01,469.902,171.5,9.8000000000000000e+01,21.914,451.586,171.5,5.0000000000000000e+01,473.5,171.5,5.0000000000000000e+01,29.984,447.547,171.5,0.0000000000000000e+00,477.531,171.5,0.0000000000000000e+00,28.9912967798,5.51937164665,0:10:40 (H:M:S)
Run-193,37.849943178227953,-3.7325982577920067,4.1788833578959883,55.0295318882,50.1255952582,43.25,3.0,30.0,50.7274774775,13.851,453.016,171.5,9.8000000000000000e+01,466.867,171.5,9.8000000000000000e+01,20.407,449.695,171.5,5.0000000000000000e+01,470.102,171.5,5.0000000000000000e+01,27.734,446.039,171.5,0.0000000000000000e+00,473.773,171.5,0.0000000000000000e+00,24.3491333477,5.71724873023,0:08:34 (H:M:S)
Run-194,36.707528536161227,-0.052360547117447587,4.0125157848888691,49.0022296544,42.7149267348,43.25,3.0,30.0,42.7678571429,13.024,457.82,171.5,9.8000000000000000e+01,470.844,171.5,9.8000000000000000e+01,19.883,454.078,171.5,5.0000000000000000e+01,473.961,171.5,5.0000000000000000e+01,26.875,450.586,171.5,0.0000000000000000e+00,477.461,171.5,0.0000000000000000e+00,32.9913419913,5.10641702686,0:10:49 (H:M:S)
Run-195,37.086392535808265,1.1499731239255513,4.2620243304563177,45.0341639241,40.1255952582,43.25,3.0,30.0,40.726197731,13.215,458.656,171.5,9.8000000000000000e+01,471.871,171.5,9.8000000000000000e+01,20.328,454.844,171.5,5.0000000000000000e+01,475.172,171.5,5.0000000000000000e+01,27.812,451.102,171.5,0.0000000000000000e+00,478.914,171.5,0.0000000000000000e+00,34.9454078356,5.5174900238,0:08:18 (H:M:S)
Run-196,38.986824239975434,-0.28447200831777708,4.3336432824984605,49.0114140774,43.6760872124,43.25,3.0,30.0,44.722972973,14.371,455.508,171.5,9.8000000000000000e+01,469.879,171.5,9.8000000000000000e+01,21.539,451.703,171.5,5.0000000000000000e+01,473.242,171.5,5.0000000000000000e+01,29.109,447.922,171.5,0.0000000000000000e+00,477.031,171.5,0.0000000000000000e+00,28.857960245,5.52125454935,0:10:43 (H:M:S)
Run-197,37.02620580356605,-0.48427243597809921,4.4063116073497532,49.0195768866,44.116878026,43.25,3.0,30.0,44.7258888739,13.178,456.703,171.5,9.8000000000000000e+01,469.881,171.5,9.8000000000000000e+01,20.555,452.742,171.5,5.0000000000000000e+01,473.297,171.5,5.0000000000000000e+01,28.257,448.891,171.5,0.0000000000000000e+00,477.148,171.5,0.0000000000000000e+00,30.9570914021,5.52879898456,0:10:22 (H:M:S)
Run-198,36.387315096556357,-1.4527437872143985,3.6971552998900901,51.0183254344,46.1121599876,43.25,3.0,30.0,46.7924362357,12.844,455.992,171.5,9.8000000000000000e+01,468.836,171.5,9.8000000000000000e+01,18.688,452.992,171.5,5.0000000000000000e+01,471.68,171.5,5.0000000000000000e+01,25.141,449.773,171.5,0.0000000000000000e+00,474.914,171.5,0.0000000000000000e+00,30.0001994018,5.10783585601,0:09:21 (H:M:S)
Run-199,37.503716658130024,-1.3145702305338718,4.0366367649336201,51.0126742712,45.6927003478,43.25,3.0,30.0,46.7645895153,13.4255,455.43,171.5,9.8000000000000000e+01,468.8555,171.5,9.8000000000000000e+01,20.024,451.945,171.5,5.0000000000000000e+01,471.969,171.5,5.0000000000000000e+01,27.07,448.422,171.5,0.0000000000000000e+00,475.492,171.5,0.0000000000000000e+00,28.8402229362,5.10783585601,0:08:42 (H:M:S)

# Finished,2019-05-14 19:56:53
# Run time,8:22:13 (H:M:S)
