# Command,Expeditor MC_VA_Analytics.csv --outputDir MC_VA_Analytics_Expeditor -overwrite -nocollect -np 4 -ntpp 1 --hashed -killflagfile C:/Users/began/AppData/Local/Temp/semuKillFiled14528
# Started,2018-10-12 21:48:14
# Output folder,C:\Users\began\Documents\Product_80\New_Tutorial\MC_VA\MC_VA_Analytics\MC_VA_Analytics_Expeditor

# Assembly File,..\14nmFinFET.zam


Run,2.1.15:thickness,2.1.9:lithography.dimensionalBias.xBias,2.2.9.2.2:materials['/Silicon/'].etchType.taper.sidewallAngle,CD_MAND_DEV,CD_MAND_FIN,SH_MAND_FIN,THK_PADOX_DEP,THK_PADNIT_DEP,Trench_CD,FinCD_Top,FinCD_Top_xStart,FinCD_Top_yStart,FinCD_Top_zStart,FinCD_Top_xEnd,FinCD_Top_yEnd,FinCD_Top_zEnd,FinCD_Mid,FinCD_Mid_xStart,FinCD_Mid_yStart,FinCD_Mid_zStart,FinCD_Mid_xEnd,FinCD_Mid_yEnd,FinCD_Mid_zEnd,FinCD_Bot,FinCD_Bot_xStart,FinCD_Bot_yStart,FinCD_Bot_zStart,FinCD_Bot_xEnd,FinCD_Bot_yEnd,FinCD_Bot_zEnd,GapCD_top,sidewall_angle,Duration
Run-0,39.377337759550727,0.16846548840783596,4.7869624584167312,47.03323926,42.1255952582,43.25,3.0,30.0,42.6763157895,14.894,456.016,171.5,9.8000000000000000e+01,470.91,171.5,9.8000000000000000e+01,22.508,452.148,171.5,5.0000000000000000e+01,474.656,171.5,5.0000000000000000e+01,30.859,447.977,171.5,0.0000000000000000e+00,478.836,171.5,0.0000000000000000e+00,30.3340574112,5.96276141832,0:09:13 (H:M:S)
Run-1,39.36202918226423,1.5385057643330347,5.6184497308358567,45.0186384457,40.1121599876,43.25,3.0,30.0,40.6056700041,14.91,457.039,171.5,9.8000000000000000e+01,471.949,171.5,9.8000000000000000e+01,23.868,452.484,171.5,5.0000000000000000e+01,476.352,171.5,5.0000000000000000e+01,33.68,447.578,171.5,0.0000000000000000e+00,481.258,171.5,0.0000000000000000e+00,32.3325363262,6.58537712575,0:11:20 (H:M:S)
Run-2,44.107483562334529,-3.8126167354620843,3.8929796944178072,55.0326223338,50.1255952582,43.25,3.0,30.0,50.7622105917,17.898,448.961,171.5,9.8000000000000000e+01,466.859,171.5,9.8000000000000000e+01,23.992,445.883,171.5,5.0000000000000000e+01,469.875,171.5,5.0000000000000000e+01,30.781,442.477,171.5,0.0000000000000000e+00,473.258,171.5,0.0000000000000000e+00,15.9837752747,5.30220035472,0:10:01 (H:M:S)
Run-3,41.746679190475838,-1.0922857325638184,4.6210234716085079,51.0038192234,44.8644344471,43.25,3.0,30.0,44.9286694102,16.367,453.016,171.5,9.8000000000000000e+01,469.383,171.5,9.8000000000000000e+01,23.757,449.313,171.5,5.0000000000000000e+01,473.07,171.5,5.0000000000000000e+01,31.829,445.273,171.5,0.0000000000000000e+00,477.102,171.5,0.0000000000000000e+00,24.3443095284,5.78280541341,0:12:00 (H:M:S)
Run-4,40.497309227574036,-2.2724277980520466,4.3187924046733333,53.0110987791,47.6685376252,43.25,3.0,30.0,48.722972973,15.399,452.484,171.5,9.8000000000000000e+01,467.883,171.5,9.8000000000000000e+01,22.508,448.719,171.5,5.0000000000000000e+01,471.227,171.5,5.0000000000000000e+01,30.055,444.945,171.5,0.0000000000000000e+00,475.0,171.5,0.0000000000000000e+00,22.8497475773,5.52125454935,0:11:13 (H:M:S)
Run-5,36.215600547073812,-2.0439233373180334,6.0752643519381717,53.0019114368,46.5665987088,43.25,3.0,30.0,46.5035183975,12.867,456.047,171.5,9.8000000000000000e+01,468.914,171.5,9.8000000000000000e+01,22.852,450.906,171.5,5.0000000000000000e+01,473.758,171.5,5.0000000000000000e+01,33.453,445.594,171.5,0.0000000000000000e+00,479.047,171.5,0.0000000000000000e+00,30.3130161438,7.01136749579,0:11:13 (H:M:S)
Run-6,36.631339277264615,0.77516195563786383,6.2218005128309901,47.0092048881,41.5683656958,43.25,3.0,30.0,41.7512481905,12.867,458.031,171.5,9.8000000000000000e+01,470.898,171.5,9.8000000000000000e+01,23.289,452.602,171.5,5.0000000000000000e+01,475.891,171.5,5.0000000000000000e+01,34.157,447.148,171.5,0.0000000000000000e+00,481.305,171.5,0.0000000000000000e+00,34.2817816814,7.0583665292,0:11:29 (H:M:S)
Run-7,38.812603736310223,1.3260442385120772,5.8057480320895483,45.0270525322,40.1255952582,43.25,3.0,30.0,40.6012474349,14.498,457.461,171.5,9.8000000000000000e+01,471.959,171.5,9.8000000000000000e+01,24.102,452.414,171.5,5.0000000000000000e+01,476.516,171.5,5.0000000000000000e+01,34.258,447.336,171.5,0.0000000000000000e+00,481.594,171.5,0.0000000000000000e+00,32.7863546326,6.59225277077,0:08:48 (H:M:S)
Run-8,39.340002117263062,2.8262198965034999,3.3954936863498677,43.0069907849,36.9555304037,43.25,3.0,30.0,38.7931638913,14.586,458.242,171.5,9.8000000000000000e+01,472.828,171.5,9.8000000000000000e+01,19.937,455.477,171.5,5.0000000000000000e+01,475.414,171.5,5.0000000000000000e+01,25.875,452.508,171.5,0.0000000000000000e+00,478.383,171.5,0.0000000000000000e+00,34.8031358109,4.64001557969,0:12:47 (H:M:S)
Run-9,38.674316533835594,1.6821066736498067,6.5207715513335884,45.0129890702,39.6927003478,43.25,3.0,30.0,38.9963877182,14.398,457.594,171.5,9.8000000000000000e+01,471.992,171.5,9.8000000000000000e+01,25.258,451.883,171.5,5.0000000000000000e+01,477.141,171.5,5.0000000000000000e+01,36.695,446.164,171.5,0.0000000000000000e+00,482.859,171.5,0.0000000000000000e+00,32.8637106797,7.4596841521,0:10:25 (H:M:S)
Run-10,38.291788476223516,0.14370085161591439,4.6603726711305784,47.0344719524,42.1255952582,43.25,3.0,30.0,42.6769532422,13.988,456.914,171.5,9.8000000000000000e+01,470.902,171.5,9.8000000000000000e+01,21.898,452.633,171.5,5.0000000000000000e+01,474.531,171.5,5.0000000000000000e+01,30.054,448.563,171.5,0.0000000000000000e+00,478.617,171.5,0.0000000000000000e+00,31.9353788797,5.52313873318,0:08:56 (H:M:S)
Run-11,40.017731528933076,2.876742695289888,5.2919202177358606,43.0050890585,36.9263301833,43.25,3.0,30.0,36.9322736697,15.398,457.969,171.5,9.8000000000000000e+01,473.367,171.5,9.8000000000000000e+01,23.969,453.625,171.5,5.0000000000000000e+01,477.594,171.5,5.0000000000000000e+01,33.203,449.0,171.5,0.0000000000000000e+00,482.203,171.5,0.0000000000000000e+00,33.9660051146,6.33746350538,0:11:09 (H:M:S)
Run-12,36.558561770367298,-0.61585095892164077,5.1147773775680321,49.024877972,44.1255952582,43.25,3.0,30.0,44.672823219,12.889,457.023,171.5,9.8000000000000000e+01,469.912,171.5,9.8000000000000000e+01,21.454,452.484,171.5,5.0000000000000000e+01,473.938,171.5,5.0000000000000000e+01,30.375,448.016,171.5,0.0000000000000000e+00,478.391,171.5,0.0000000000000000e+00,32.298790392,6.01023257206,0:08:37 (H:M:S)
Run-13,40.816670521283235,-0.36007803356665657,5.5196649349625595,49.0145615701,43.7087614746,43.25,3.0,30.0,44.6062966526,15.8165,454.125,171.5,9.8000000000000000e+01,469.9415,171.5,9.8000000000000000e+01,24.711,449.547,171.5,5.0000000000000000e+01,474.258,171.5,5.0000000000000000e+01,34.351,444.727,171.5,0.0000000000000000e+00,479.078,171.5,0.0000000000000000e+00,26.5321646836,6.59815756776,0:11:11 (H:M:S)
Run-14,45.331776096970273,1.6484572814783014,4.6876218684068967,45.0142472693,39.7081700685,43.25,3.0,30.0,40.7204058625,18.558,453.344,171.5,9.8000000000000000e+01,471.902,171.5,9.8000000000000000e+01,26.21,449.313,171.5,5.0000000000000000e+01,475.523,171.5,5.0000000000000000e+01,34.414,445.219,171.5,0.0000000000000000e+00,479.633,171.5,0.0000000000000000e+00,24.7668011432,5.57066354422,0:11:38 (H:M:S)
Run-15,36.096227350656036,-1.6115493359148554,5.3561586109097039,51.0245669291,46.1255952582,43.25,3.0,30.0,46.6088342516,12.766,456.164,171.5,9.8000000000000000e+01,468.93,171.5,9.8000000000000000e+01,21.485,451.648,171.5,5.0000000000000000e+01,473.133,171.5,5.0000000000000000e+01,30.859,446.969,171.5,0.0000000000000000e+00,477.828,171.5,0.0000000000000000e+00,30.5436624444,6.58734013826,0:09:07 (H:M:S)
Run-16,39.05683630804711,-0.31884721637281982,4.5343048222774387,49.0129890702,43.6927003478,43.25,3.0,30.0,44.7220338983,14.449,455.438,171.5,9.8000000000000000e+01,469.887,171.5,9.8000000000000000e+01,21.914,451.5,171.5,5.0000000000000000e+01,473.414,171.5,5.0000000000000000e+01,29.836,447.539,171.5,0.0000000000000000e+00,477.375,171.5,0.0000000000000000e+00,28.7965855147,5.56224014783,0:09:58 (H:M:S)
Run-17,37.028059539524243,3.6091232025697115,4.2615922889846756,41.0158177792,35.7162529061,43.25,3.0,30.0,36.7271702368,13.125,460.742,171.5,9.8000000000000000e+01,473.867,171.5,9.8000000000000000e+01,20.289,456.883,171.5,5.0000000000000000e+01,477.172,171.5,5.0000000000000000e+01,27.773,453.141,171.5,0.0000000000000000e+00,480.914,171.5,0.0000000000000000e+00,38.9676153426,5.51824251944,0:09:55 (H:M:S)
Run-18,39.800996726975924,1.5818749329574182,2.71129088042525,45.0170723996,40.2014194116,43.25,3.0,30.0,40.8487836949,14.742,457.047,171.5,9.8000000000000000e+01,471.789,171.5,9.8000000000000000e+01,19.282,454.531,171.5,5.0000000000000000e+01,473.813,171.5,5.0000000000000000e+01,24.039,452.141,171.5,0.0000000000000000e+00,476.18,171.5,0.0000000000000000e+00,32.3572446814,4.2406738196,0:10:22 (H:M:S)
Run-19,37.374575665515763,-1.6727459239164693,3.7457613143405544,51.0270525322,46.1255952582,43.25,3.0,30.0,46.7652859961,13.399,455.445,171.5,9.8000000000000000e+01,468.844,171.5,9.8000000000000000e+01,19.546,452.188,171.5,5.0000000000000000e+01,471.734,171.5,5.0000000000000000e+01,26.07,448.938,171.5,0.0000000000000000e+00,475.008,171.5,0.0000000000000000e+00,28.8465312234,5.06491237331,0:08:28 (H:M:S)
Run-20,37.833028220744275,-1.1174241616145835,6.1185397162720543,51.0047717512,44.9167602373,43.25,3.0,30.0,44.97373918,13.642,455.477,171.5,9.8000000000000000e+01,469.119,171.5,9.8000000000000000e+01,23.782,450.156,171.5,5.0000000000000000e+01,473.938,171.5,5.0000000000000000e+01,34.43,444.836,171.5,0.0000000000000000e+00,479.266,171.5,0.0000000000000000e+00,28.7925513178,6.99039500858,0:12:12 (H:M:S)
Run-21,39.302061211231511,-0.07586978170195674,5.6080577593665506,49.0031836995,42.7828252125,43.25,3.0,30.0,42.6082075255,14.996,455.922,171.5,9.8000000000000000e+01,470.918,171.5,9.8000000000000000e+01,24.555,450.781,171.5,5.0000000000000000e+01,475.336,171.5,5.0000000000000000e+01,34.359,445.875,171.5,0.0000000000000000e+00,480.234,171.5,0.0000000000000000e+00,29.9064713013,6.58439605622,0:10:47 (H:M:S)
Run-22,40.689436089396139,3.8021276900203045,5.2816243269410936,41.007940289,35.5476670399,43.25,3.0,30.0,36.6682026212,15.567,458.359,171.5,9.8000000000000000e+01,473.926,171.5,9.8000000000000000e+01,24.188,453.859,171.5,5.0000000000000000e+01,478.047,171.5,5.0000000000000000e+01,33.453,449.227,171.5,0.0000000000000000e+00,482.68,171.5,0.0000000000000000e+00,34.7037875255,6.02375833571,0:12:11 (H:M:S)
Run-23,37.889783530470169,-3.1810641771595352,4.0440357599230641,55.0073073868,48.9580119874,43.25,3.0,30.0,50.7606330366,13.746,453.117,171.5,9.8000000000000000e+01,466.863,171.5,9.8000000000000000e+01,20.125,449.875,171.5,5.0000000000000000e+01,470.0,171.5,5.0000000000000000e+01,27.195,446.328,171.5,0.0000000000000000e+00,473.523,171.5,0.0000000000000000e+00,24.6573530776,5.25630604847,0:11:24 (H:M:S)
Run-24,42.275425089469444,-1.835315147142305,5.6147200961984094,51.033547578,46.1255952582,43.25,3.0,30.0,46.605032752,16.7305,452.211,171.5,9.8000000000000000e+01,468.9415,171.5,9.8000000000000000e+01,25.82,447.508,171.5,5.0000000000000000e+01,473.328,171.5,5.0000000000000000e+01,35.632,442.602,171.5,0.0000000000000000e+00,478.234,171.5,0.0000000000000000e+00,22.5584436635,6.58537712575,0:09:19 (H:M:S)
Run-25,41.588436934722985,-2.4984461257155424,5.6069585529474706,53.0202020202,48.117582285,43.25,3.0,30.0,48.6031423092,16.289,451.656,171.5,9.8000000000000000e+01,467.945,171.5,9.8000000000000000e+01,25.64,446.688,171.5,5.0000000000000000e+01,472.328,171.5,5.0000000000000000e+01,35.438,441.789,171.5,0.0000000000000000e+00,477.227,171.5,0.0000000000000000e+00,20.920575924,6.58243478999,0:10:59 (H:M:S)
Run-26,40.396713901110857,-2.3700220327424999,5.0795489441473496,53.0148757715,47.7147708356,43.25,3.0,30.0,48.6741130092,15.433,452.469,171.5,9.8000000000000000e+01,467.902,171.5,9.8000000000000000e+01,23.828,448.055,171.5,5.0000000000000000e+01,471.883,171.5,5.0000000000000000e+01,32.672,443.633,171.5,0.0000000000000000e+00,476.305,171.5,0.0000000000000000e+00,22.7988393681,6.0098236451,0:10:48 (H:M:S)
Run-27,37.957897493362857,-0.8594132991858251,6.907121277049459,49.0344719524,44.1255952582,43.25,3.0,30.0,42.9934938191,14.055,455.961,171.5,9.8000000000000000e+01,470.016,171.5,9.8000000000000000e+01,25.242,450.242,171.5,5.0000000000000000e+01,475.484,171.5,5.0000000000000000e+01,37.313,444.203,171.5,0.0000000000000000e+00,481.516,171.5,0.0000000000000000e+00,29.9284435093,7.47318141142,0:08:56 (H:M:S)
Run-28,37.455806017714437,0.28533629096039403,3.7579124820151817,47.0289126336,42.1255952582,43.25,3.0,30.0,42.7652859961,13.485,457.359,171.5,9.8000000000000000e+01,470.844,171.5,9.8000000000000000e+01,19.602,454.148,171.5,5.0000000000000000e+01,473.75,171.5,5.0000000000000000e+01,26.132,450.891,171.5,0.0000000000000000e+00,477.023,171.5,0.0000000000000000e+00,32.825318626,4.6377383887,0:07:11 (H:M:S)
Run-29,36.639908712444516,-0.61469331526019966,4.8163207845370541,49.024877972,44.1255952582,43.25,3.0,30.0,44.6774200818,12.8965,457.0,171.5,9.8000000000000000e+01,469.8965,171.5,9.8000000000000000e+01,20.984,452.688,171.5,5.0000000000000000e+01,473.672,171.5,5.0000000000000000e+01,29.406,448.477,171.5,0.0000000000000000e+00,477.883,171.5,0.0000000000000000e+00,31.9454499278,5.96276141832,0:08:07 (H:M:S)
Run-30,40.27983904934311,0.199878962567347,4.9481655372537254,47.0320050204,42.1255952582,43.25,3.0,30.0,42.6732542819,15.418,455.5,171.5,9.8000000000000000e+01,470.918,171.5,9.8000000000000000e+01,23.625,451.18,171.5,5.0000000000000000e+01,474.805,171.5,5.0000000000000000e+01,32.227,446.875,171.5,0.0000000000000000e+00,479.102,171.5,0.0000000000000000e+00,28.8514980069,5.97001598086,0:08:34 (H:M:S)
Run-31,40.773990487434617,1.6039469298412234,5.7807325715227575,45.0161315831,39.7644860697,43.25,3.0,30.0,40.6018810603,15.758,456.148,171.5,9.8000000000000000e+01,471.906,171.5,9.8000000000000000e+01,25.164,451.32,171.5,5.0000000000000000e+01,476.484,171.5,5.0000000000000000e+01,35.273,446.266,171.5,0.0000000000000000e+00,481.539,171.5,0.0000000000000000e+00,30.5304590528,6.58341527768,0:10:42 (H:M:S)
Run-32,39.759240973497398,-1.2700772042507358,4.8211982357796312,51.0110987791,45.6685376252,43.25,3.0,30.0,46.6738710519,14.883,454.039,171.5,9.8000000000000000e+01,468.922,171.5,9.8000000000000000e+01,22.859,449.805,171.5,5.0000000000000000e+01,472.664,171.5,5.0000000000000000e+01,31.281,445.594,171.5,0.0000000000000000e+00,476.875,171.5,0.0000000000000000e+00,26.3138747994,5.96316398867,0:11:58 (H:M:S)
Run-33,43.724158518526721,-0.57672391815669044,6.4687272526116901,49.0233217775,44.1255952582,43.25,3.0,30.0,42.9975932611,17.7936153846,452.195,171.5,9.8000000000000000e+01,469.988615385,171.5,9.8000000000000000e+01,28.305,446.781,171.5,5.0000000000000000e+01,475.086,171.5,5.0000000000000000e+01,39.649,441.109,171.5,0.0000000000000000e+00,480.758,171.5,0.0000000000000000e+00,22.5331732176,7.4596841521,0:10:43 (H:M:S)
Run-34,33.00261251601043,-0.12421269136460755,6.0261906821458213,49.0050890585,42.9263301833,43.25,3.0,30.0,42.8908418131,10.938,459.523,171.5,9.8000000000000000e+01,470.461,171.5,9.8000000000000000e+01,21.086,454.219,171.5,5.0000000000000000e+01,475.305,171.5,5.0000000000000000e+01,31.601,448.969,171.5,0.0000000000000000e+00,480.57,171.5,0.0000000000000000e+00,36.8073276427,6.69295669905,0:10:43 (H:M:S)
Run-35,38.367811513239793,1.1240724552507533,4.9337516064125575,45.0350877193,40.1255952582,43.25,3.0,30.0,40.6721534568,14.059,457.859,171.5,9.8000000000000000e+01,471.918,171.5,9.8000000000000000e+01,22.461,453.328,171.5,5.0000000000000000e+01,475.789,171.5,5.0000000000000000e+01,31.047,449.031,171.5,0.0000000000000000e+00,480.078,171.5,0.0000000000000000e+00,33.9115469527,5.96840233626,0:09:00 (H:M:S)
Run-36,40.903865876998253,-0.46303645424964368,5.1447707833186902,49.0186384457,44.1121599876,43.25,3.0,30.0,44.6725845494,15.928,453.992,171.5,9.8000000000000000e+01,469.92,171.5,9.8000000000000000e+01,24.071,449.867,171.5,5.0000000000000000e+01,473.938,171.5,5.0000000000000000e+01,33.055,445.359,171.5,0.0000000000000000e+00,478.414,171.5,0.0000000000000000e+00,25.9807884255,6.01145968566,0:11:29 (H:M:S)
Run-37,42.035412519886513,-1.1393796917564667,5.4465190342265801,51.0057233704,44.9538779454,43.25,3.0,30.0,44.9870299651,16.426,452.617,171.5,9.8000000000000000e+01,469.043,171.5,9.8000000000000000e+01,25.445,447.828,171.5,5.0000000000000000e+01,473.273,171.5,5.0000000000000000e+01,34.976,443.055,171.5,0.0000000000000000e+00,478.031,171.5,0.0000000000000000e+00,22.9106456044,6.53716103999,0:13:15 (H:M:S)
Run-38,38.275226962779563,0.92661774527645269,3.026433059289511,47.0028657857,40.7650515586,43.25,3.0,30.0,40.83465133,14.032,457.773,171.5,9.8000000000000000e+01,471.805,171.5,9.8000000000000000e+01,19.172,454.914,171.5,5.0000000000000000e+01,474.086,171.5,5.0000000000000000e+01,24.476,452.266,171.5,0.0000000000000000e+00,476.742,171.5,0.0000000000000000e+00,32.979876161,4.2370055599,0:10:15 (H:M:S)
Run-39,36.300343036988068,-0.78105799793027386,3.7399579550621218,49.0313873195,44.1255952582,43.25,3.0,30.0,44.7908611599,12.859,456.977,171.5,9.8000000000000000e+01,469.836,171.5,9.8000000000000000e+01,18.696,454.023,171.5,5.0000000000000000e+01,472.719,171.5,5.0000000000000000e+01,25.219,450.758,171.5,0.0000000000000000e+00,475.977,171.5,0.0000000000000000e+00,31.996717117,5.11103109852,0:08:19 (H:M:S)
Run-40,40.467101217526526,-0.7931266517151534,4.1908595163229414,49.0320050204,44.1255952582,43.25,3.0,30.0,44.7252252252,15.477,454.398,171.5,9.8000000000000000e+01,469.875,171.5,9.8000000000000000e+01,22.312,450.805,171.5,5.0000000000000000e+01,473.117,171.5,5.0000000000000000e+01,29.672,447.125,171.5,0.0000000000000000e+00,476.797,171.5,0.0000000000000000e+00,26.7879426275,5.07259941633,0:08:24 (H:M:S)
Run-41,36.530977831137974,0.46215900137264476,3.6252379165836981,47.0217631288,42.1255952582,43.25,3.0,30.0,42.7928007024,12.765,458.063,171.5,9.8000000000000000e+01,470.828,171.5,9.8000000000000000e+01,18.789,454.813,171.5,5.0000000000000000e+01,473.602,171.5,5.0000000000000000e+01,25.141,451.648,171.5,0.0000000000000000e+00,476.789,171.5,0.0000000000000000e+00,34.3529554375,5.10783585601,0:10:23 (H:M:S)
Run-42,43.926775509877544,0.0087889545236637424,5.5393545569151605,47.0396937021,42.1255952582,43.25,3.0,30.0,42.6075634481,17.8635,453.078,171.5,9.8000000000000000e+01,470.9415,171.5,9.8000000000000000e+01,26.71,448.563,171.5,5.0000000000000000e+01,475.273,171.5,5.0000000000000000e+01,36.39,443.719,171.5,0.0000000000000000e+00,480.109,171.5,0.0000000000000000e+00,24.3510913456,6.60012817439,0:09:24 (H:M:S)
Run-43,38.630619187454286,-3.1137217819329792,4.7595999901520729,55.0047717512,48.9167602373,43.25,3.0,30.0,48.9742798354,14.059,453.07,171.5,9.8000000000000000e+01,467.129,171.5,9.8000000000000000e+01,21.922,448.922,171.5,5.0000000000000000e+01,470.844,171.5,5.0000000000000000e+01,30.218,444.766,171.5,0.0000000000000000e+00,474.984,171.5,0.0000000000000000e+00,24.3335273369,5.99077723091,0:12:07 (H:M:S)
Run-44,42.97857728957549,1.5832413167184713,5.6896617089764083,45.0167588933,40.2002324255,43.25,3.0,30.0,40.6050415511,17.0785,454.867,171.5,9.8000000000000000e+01,471.9455,171.5,9.8000000000000000e+01,26.64,449.766,171.5,5.0000000000000000e+01,476.406,171.5,5.0000000000000000e+01,36.602,444.781,171.5,0.0000000000000000e+00,481.383,171.5,0.0000000000000000e+00,27.8903676655,6.58979554298,0:10:09 (H:M:S)
Run-45,39.513609216881811,0.57060970391524901,4.8060463554654138,47.0173858069,42.2033233704,43.25,3.0,30.0,42.6741130092,14.929,455.969,171.5,9.8000000000000000e+01,470.898,171.5,9.8000000000000000e+01,22.594,452.078,171.5,5.0000000000000000e+01,474.672,171.5,5.0000000000000000e+01,30.977,447.898,171.5,0.0000000000000000e+00,478.875,171.5,0.0000000000000000e+00,29.978322505,5.96276141832,0:11:33 (H:M:S)
Run-46,42.744553775598803,1.5089791119155127,5.2862307588168296,45.0198895028,40.1206234598,43.25,3.0,30.0,40.6706192358,16.902,455.016,171.5,9.8000000000000000e+01,471.918,171.5,9.8000000000000000e+01,25.609,450.438,171.5,5.0000000000000000e+01,476.047,171.5,5.0000000000000000e+01,34.868,445.82,171.5,0.0000000000000000e+00,480.688,171.5,0.0000000000000000e+00,28.3037716856,6.02170508012,0:11:15 (H:M:S)
Run-47,36.258260575870452,-0.46264836820293453,6.979848755471143,49.0186384457,44.1121599876,43.25,3.0,30.0,42.9934938191,12.993,457.023,171.5,9.8000000000000000e+01,470.016,171.5,9.8000000000000000e+01,24.281,451.25,171.5,5.0000000000000000e+01,475.531,171.5,5.0000000000000000e+01,36.5,445.148,171.5,0.0000000000000000e+00,481.648,171.5,0.0000000000000000e+00,32.2949639613,7.47805232128,0:10:20 (H:M:S)
Run-48,39.723585572156971,-2.4324466391164399,5.7780869475235805,53.0173858069,48.2033233704,43.25,3.0,30.0,48.6075802349,14.922,453.0,171.5,9.8000000000000000e+01,467.922,171.5,9.8000000000000000e+01,24.555,447.922,171.5,5.0000000000000000e+01,472.477,171.5,5.0000000000000000e+01,34.664,442.867,171.5,0.0000000000000000e+00,477.531,171.5,0.0000000000000000e+00,23.9243086537,6.58930431625,0:10:49 (H:M:S)
Run-49,41.619384958206567,-3.2443711270972564,4.6975183396823317,55.0098365858,49.5767764647,43.25,3.0,30.0,50.7223476298,16.067,450.82,171.5,9.8000000000000000e+01,466.887,171.5,9.8000000000000000e+01,24.008,446.523,171.5,5.0000000000000000e+01,470.531,171.5,5.0000000000000000e+01,32.226,442.422,171.5,0.0000000000000000e+00,474.648,171.5,0.0000000000000000e+00,18.9912967798,5.72124951298,0:12:06 (H:M:S)
Run-50,35.854376285524367,0.72620068020379447,3.7224150213221345,47.0110987791,41.6685376252,43.25,3.0,30.0,42.7924362357,12.336,458.5,171.5,9.8000000000000000e+01,470.836,171.5,9.8000000000000000e+01,18.5,455.211,171.5,5.0000000000000000e+01,473.711,171.5,5.0000000000000000e+01,24.984,451.977,171.5,0.0000000000000000e+00,476.961,171.5,0.0000000000000000e+00,34.864499247,5.10961049865,0:11:06 (H:M:S)
Run-51,39.540985284728563,-2.1677066725688898,4.2900508611129986,53.0069907849,46.9555304037,43.25,3.0,30.0,48.7249154453,14.826,453.051,171.5,9.8000000000000000e+01,467.877,171.5,9.8000000000000000e+01,21.586,449.617,171.5,5.0000000000000000e+01,471.203,171.5,5.0000000000000000e+01,29.086,445.875,171.5,0.0000000000000000e+00,474.961,171.5,0.0000000000000000e+00,24.3703670094,5.518618844,0:12:23 (H:M:S)
Run-52,40.605775889551289,-1.2496291159245412,5.4475374038207365,51.0101522843,45.6523129424,43.25,3.0,30.0,46.606918239,15.582,453.352,171.5,9.8000000000000000e+01,468.934,171.5,9.8000000000000000e+01,24.477,448.711,171.5,5.0000000000000000e+01,473.188,171.5,5.0000000000000000e+01,34.0,443.953,171.5,0.0000000000000000e+00,477.953,171.5,0.0000000000000000e+00,24.700440226,6.59421986699,0:11:36 (H:M:S)
Run-53,42.336221763349755,-1.0573184998444212,4.6974999288366863,51.0022296544,44.7149267348,43.25,3.0,30.0,44.6789473684,16.868,453.023,171.5,9.8000000000000000e+01,469.891,171.5,9.8000000000000000e+01,24.352,449.211,171.5,5.0000000000000000e+01,473.563,171.5,5.0000000000000000e+01,32.571,445.109,171.5,0.0000000000000000e+00,477.68,171.5,0.0000000000000000e+00,24.3416085922,5.52540144672,0:12:16 (H:M:S)
Run-54,36.463182701642026,-1.5354101409354475,5.3040086052852295,51.0214511041,46.1240110693,43.25,3.0,30.0,46.6050329983,12.8945,456.047,171.5,9.8000000000000000e+01,468.9415,171.5,9.8000000000000000e+01,21.703,451.391,171.5,5.0000000000000000e+01,473.094,171.5,5.0000000000000000e+01,30.969,446.773,171.5,0.0000000000000000e+00,477.742,171.5,0.0000000000000000e+00,30.3151355454,6.58734013826,0:09:57 (H:M:S)
Run-55,41.439285908911984,2.8315555437645354,5.180579690696387,43.0069907849,36.9555304037,43.25,3.0,30.0,38.6688567674,15.959,456.969,171.5,9.8000000000000000e+01,472.928,171.5,9.8000000000000000e+01,24.469,452.5,171.5,5.0000000000000000e+01,476.969,171.5,5.0000000000000000e+01,33.507,447.977,171.5,0.0000000000000000e+00,481.484,171.5,0.0000000000000000e+00,31.9537801459,6.01391541119,0:12:45 (H:M:S)
Run-56,40.13191062852033,-0.37319796049673981,6.1431897888787059,49.0151898734,43.7147708356,43.25,3.0,30.0,44.504503058,15.336,454.641,171.5,9.8000000000000000e+01,469.977,171.5,9.8000000000000000e+01,25.617,449.203,171.5,5.0000000000000000e+01,474.82,171.5,5.0000000000000000e+01,36.313,443.859,171.5,0.0000000000000000e+00,480.172,171.5,0.0000000000000000e+00,26.8799339467,7.056287469,0:10:39 (H:M:S)
Run-57,38.058281768386422,1.5946312352449459,4.748723567160865,45.0164452878,39.7644860697,43.25,3.0,30.0,40.6763157895,13.9175,457.977,171.5,9.8000000000000000e+01,471.8945,171.5,9.8000000000000000e+01,21.547,454.078,171.5,5.0000000000000000e+01,475.625,171.5,5.0000000000000000e+01,29.82,449.953,171.5,0.0000000000000000e+00,479.773,171.5,0.0000000000000000e+00,33.9763899576,5.52653349671,0:10:31 (H:M:S)
Run-58,45.068011437369712,-0.92598688944249696,4.5405760438531368,49.0372398686,44.1255952582,43.25,3.0,30.0,44.7268623025,18.426,451.445,171.5,9.8000000000000000e+01,469.871,171.5,9.8000000000000000e+01,25.914,447.477,171.5,5.0000000000000000e+01,473.391,171.5,5.0000000000000000e+01,33.843,443.516,171.5,0.0000000000000000e+00,477.359,171.5,0.0000000000000000e+00,20.8363534807,5.56262247854,0:09:55 (H:M:S)
Run-59,39.928376716431565,-1.7723153916091254,4.5503512118848883,51.0310783237,46.1255952582,43.25,3.0,30.0,46.7249154453,15.031,453.844,171.5,9.8000000000000000e+01,468.875,171.5,9.8000000000000000e+01,22.742,449.664,171.5,5.0000000000000000e+01,472.406,171.5,5.0000000000000000e+01,30.687,445.688,171.5,0.0000000000000000e+00,476.375,171.5,0.0000000000000000e+00,24.989825894,5.56300486165,0:08:27 (H:M:S)
Run-60,44.313903046259547,-0.31803708619176069,5.2389845000987894,49.0129890702,43.6927003478,43.25,3.0,30.0,44.6706192358,17.934,452.0,171.5,9.8000000000000000e+01,469.934,171.5,9.8000000000000000e+01,26.469,447.547,171.5,5.0000000000000000e+01,474.016,171.5,5.0000000000000000e+01,35.617,442.977,171.5,0.0000000000000000e+00,478.594,171.5,0.0000000000000000e+00,21.9656665291,6.02170508012,0:10:36 (H:M:S)
Run-61,39.859544090297916,-0.7916891326672415,4.7520075843011664,49.0316962184,44.1255952582,43.25,3.0,30.0,44.7239819005,15.004,454.883,171.5,9.8000000000000000e+01,469.887,171.5,9.8000000000000000e+01,23.07,450.516,171.5,5.0000000000000000e+01,473.586,171.5,5.0000000000000000e+01,31.398,446.352,171.5,0.0000000000000000e+00,477.75,171.5,0.0000000000000000e+00,27.9195356256,5.57334905175,0:08:28 (H:M:S)
Run-62,41.599641169007299,2.8170541437827321,5.5252112867667149,43.0073073868,36.9580119874,43.25,3.0,30.0,36.9980392157,16.099,456.852,171.5,9.8000000000000000e+01,472.951,171.5,9.8000000000000000e+01,25.391,451.875,171.5,5.0000000000000000e+01,477.266,171.5,5.0000000000000000e+01,35.063,447.031,171.5,0.0000000000000000e+00,482.094,171.5,0.0000000000000000e+00,30.9764136101,6.59766509914,0:12:46 (H:M:S)
Run-63,37.987220568374504,-2.3329097033621755,6.066586798207017,53.013618369,47.7009126156,43.25,3.0,30.0,46.997764114,13.942,454.031,171.5,9.8000000000000000e+01,467.973,171.5,9.8000000000000000e+01,23.719,449.039,171.5,5.0000000000000000e+01,472.758,171.5,5.0000000000000000e+01,34.297,443.742,171.5,0.0000000000000000e+00,478.039,171.5,0.0000000000000000e+00,26.31309684,7.00931588897,0:09:51 (H:M:S)
Run-64,40.833626930109332,0.021884733120033934,4.7716892542457554,47.0390808191,42.1255952582,43.25,3.0,30.0,42.7236693092,15.8675,455.031,171.5,9.8000000000000000e+01,470.8985,171.5,9.8000000000000000e+01,23.414,451.195,171.5,5.0000000000000000e+01,474.609,171.5,5.0000000000000000e+01,31.742,447.039,171.5,0.0000000000000000e+00,478.781,171.5,0.0000000000000000e+00,28.3498926061,5.57450077384,0:09:17 (H:M:S)
Run-65,36.803816471286936,1.4561984762683085,5.3980559810122077,45.0220750552,40.1255952582,43.25,3.0,30.0,40.6085250799,13.1095,458.828,171.5,9.8000000000000000e+01,471.9375,171.5,9.8000000000000000e+01,22.234,453.938,171.5,5.0000000000000000e+01,476.172,171.5,5.0000000000000000e+01,31.703,449.203,171.5,0.0000000000000000e+00,480.906,171.5,0.0000000000000000e+00,34.9779595384,6.58930431625,0:08:53 (H:M:S)
Run-66,40.28692760019436,3.309101163003811,5.3501583495260201,41.027672956,36.1255952582,43.25,3.0,30.0,36.6721743446,15.455,458.477,171.5,9.8000000000000000e+01,473.932,171.5,9.8000000000000000e+01,24.273,453.836,171.5,5.0000000000000000e+01,478.109,171.5,5.0000000000000000e+01,33.649,449.148,171.5,0.0000000000000000e+00,482.797,171.5,0.0000000000000000e+00,34.8018751831,6.58832208151,0:09:06 (H:M:S)
Run-67,42.0062932856749,-0.27480272564830399,3.7722913449376598,49.0110987791,43.6685376252,43.25,3.0,30.0,44.7652859961,16.285,453.563,171.5,9.8000000000000000e+01,469.848,171.5,9.8000000000000000e+01,22.555,450.211,171.5,5.0000000000000000e+01,472.766,171.5,5.0000000000000000e+01,29.109,446.93,171.5,0.0000000000000000e+00,476.039,171.5,0.0000000000000000e+00,24.9012210273,4.63871405454,0:11:17 (H:M:S)
Run-68,43.711636224402255,-0.71225482829780629,3.6423185326988268,49.0286028603,44.1255952582,43.25,3.0,30.0,44.7891036907,17.61,452.234,171.5,9.8000000000000000e+01,469.844,171.5,9.8000000000000000e+01,23.429,449.219,171.5,5.0000000000000000e+01,472.648,171.5,5.0000000000000000e+01,29.797,446.039,171.5,0.0000000000000000e+00,475.836,171.5,0.0000000000000000e+00,22.7547359971,5.10712634316,0:09:44 (H:M:S)
Run-69,43.590506585545334,-2.159055514868883,4.3092490429138932,53.0063572791,46.9544752615,43.25,3.0,30.0,46.9984344423,17.336,450.602,171.5,9.8000000000000000e+01,467.938,171.5,9.8000000000000000e+01,24.437,446.797,171.5,5.0000000000000000e+01,471.234,171.5,5.0000000000000000e+01,31.969,443.031,171.5,0.0000000000000000e+00,475.0,171.5,0.0000000000000000e+00,18.9104047593,5.71947069856,0:13:11 (H:M:S)
Run-70,38.589268598605273,0.6921080622871596,4.7036049067122523,47.0123593725,41.6847326579,43.25,3.0,30.0,42.6745406824,14.168,456.734,171.5,9.8000000000000000e+01,470.902,171.5,9.8000000000000000e+01,22.07,452.5,171.5,5.0000000000000000e+01,474.57,171.5,5.0000000000000000e+01,30.32,448.375,171.5,0.0000000000000000e+00,478.695,171.5,0.0000000000000000e+00,30.9660605932,5.52540144672,0:10:14 (H:M:S)
Run-71,40.741627386681891,0.026130509063410114,6.6344348291997939,47.0390808191,42.1255952582,43.25,3.0,30.0,40.9963855422,15.844,455.07,171.5,9.8000000000000000e+01,470.914,171.5,9.8000000000000000e+01,26.633,449.586,171.5,5.0000000000000000e+01,476.219,171.5,5.0000000000000000e+01,38.234,443.789,171.5,0.0000000000000000e+00,482.023,171.5,0.0000000000000000e+00,28.3173891775,7.47318141142,0:08:56 (H:M:S)
Run-72,40.963141686084214,-0.85532702941522687,6.1546631680387636,49.0341639241,44.1255952582,43.25,3.0,30.0,43.7504565887,15.953,453.961,171.5,9.8000000000000000e+01,469.914,171.5,9.8000000000000000e+01,25.89,448.938,171.5,5.0000000000000000e+01,474.828,171.5,5.0000000000000000e+01,36.617,443.563,171.5,0.0000000000000000e+00,480.18,171.5,0.0000000000000000e+00,25.9536023558,7.0568071198,0:09:12 (H:M:S)
Run-73,39.144879711536809,-0.72413602754983142,3.7169847098084978,49.0292223095,44.1255952582,43.25,3.0,30.0,44.7914653709,14.68,455.164,171.5,9.8000000000000000e+01,469.844,171.5,9.8000000000000000e+01,20.563,452.148,171.5,5.0000000000000000e+01,472.711,171.5,5.0000000000000000e+01,27.031,448.922,171.5,0.0000000000000000e+00,475.953,171.5,0.0000000000000000e+00,28.7378765761,5.10890049403,0:09:25 (H:M:S)
Run-74,38.224607713447043,3.4264302068790276,3.8839071743563949,41.0230102443,36.1255952582,43.25,3.0,30.0,36.7633136095,13.821,460.031,171.5,9.8000000000000000e+01,473.852,171.5,9.8000000000000000e+01,20.336,456.523,171.5,5.0000000000000000e+01,476.859,171.5,5.0000000000000000e+01,27.117,453.117,171.5,0.0000000000000000e+00,480.234,171.5,0.0000000000000000e+00,38.1125835807,5.10322753382,0:11:02 (H:M:S)
Run-75,36.810737412894163,-1.5193608539274788,3.9130031404070662,51.0208267592,46.1197091743,43.25,3.0,30.0,46.7633136095,12.965,455.883,171.5,9.8000000000000000e+01,468.848,171.5,9.8000000000000000e+01,19.656,452.219,171.5,5.0000000000000000e+01,471.875,171.5,5.0000000000000000e+01,26.453,448.82,171.5,0.0000000000000000e+00,475.273,171.5,0.0000000000000000e+00,29.9233685449,5.10287339098,0:09:59 (H:M:S)
Run-76,37.359760936635389,0.62520875800790499,5.7846329850416058,47.0151898734,41.7147708356,43.25,3.0,30.0,42.6018810518,13.5,457.453,171.5,9.8000000000000000e+01,470.953,171.5,9.8000000000000000e+01,23.047,452.445,171.5,5.0000000000000000e+01,475.492,171.5,5.0000000000000000e+01,33.172,447.375,171.5,0.0000000000000000e+00,480.547,171.5,0.0000000000000000e+00,32.784160086,6.58979554298,0:10:07 (H:M:S)
Run-77,42.049045400430757,-3.6380220391527347,5.8091972008466026,55.0258105131,50.1255952582,43.25,3.0,30.0,50.6018810518,16.6153076923,450.344,171.5,9.8000000000000000e+01,466.959307692,171.5,9.8000000000000000e+01,26.133,445.375,171.5,5.0000000000000000e+01,471.508,171.5,5.0000000000000000e+01,36.297,440.297,171.5,0.0000000000000000e+00,476.594,171.5,0.0000000000000000e+00,18.6921311474,6.59225277077,0:09:13 (H:M:S)
Run-78,37.561037392906513,3.7763262930171075,5.1979323274684788,41.0092048881,35.5683656958,43.25,3.0,30.0,36.6094488189,13.488,460.422,171.5,9.8000000000000000e+01,473.91,171.5,9.8000000000000000e+01,22.062,455.938,171.5,5.0000000000000000e+01,478.0,171.5,5.0000000000000000e+01,31.156,451.383,171.5,0.0000000000000000e+00,482.539,171.5,0.0000000000000000e+00,38.7858667784,5.96840233626,0:11:05 (H:M:S)
Run-79,38.728974945209899,0.2258517297165698,5.4719387448976695,47.0310783237,42.1255952582,43.25,3.0,30.0,42.6075634495,14.401,456.531,171.5,9.8000000000000000e+01,470.932,171.5,9.8000000000000000e+01,23.461,451.758,171.5,5.0000000000000000e+01,475.219,171.5,5.0000000000000000e+01,33.039,446.977,171.5,0.0000000000000000e+00,480.016,171.5,0.0000000000000000e+00,30.8550680663,6.59372798337,0:08:06 (H:M:S)
Run-80,34.670856688889877,0.44668859991215271,4.0472265339387219,47.0223868832,42.1255952582,43.25,3.0,30.0,42.7628458498,11.7925,459.063,171.5,9.8000000000000000e+01,470.8555,171.5,9.8000000000000000e+01,18.149,455.828,171.5,5.0000000000000000e+01,473.977,171.5,5.0000000000000000e+01,25.235,452.281,171.5,0.0000000000000000e+00,477.516,171.5,0.0000000000000000e+00,36.3755327392,5.10748107501,0:11:09 (H:M:S)
Run-81,41.765376927665777,-1.6871553562378161,3.7521253208136987,51.027672956,46.1255952582,43.25,3.0,30.0,46.763546798,16.243,452.609,171.5,9.8000000000000000e+01,468.852,171.5,9.8000000000000000e+01,22.5,449.25,171.5,5.0000000000000000e+01,471.75,171.5,5.0000000000000000e+01,29.032,445.984,171.5,0.0000000000000000e+00,475.016,171.5,0.0000000000000000e+00,22.9327585593,4.6377383887,0:08:33 (H:M:S)
Run-82,40.024383198104132,0.36957776484857502,4.0526201046319601,47.0254997639,42.1255952582,43.25,3.0,30.0,42.7606330366,15.125,455.734,171.5,9.8000000000000000e+01,470.859,171.5,9.8000000000000000e+01,21.961,452.039,171.5,5.0000000000000000e+01,474.0,171.5,5.0000000000000000e+01,29.023,448.516,171.5,0.0000000000000000e+00,477.539,171.5,0.0000000000000000e+00,28.975862069,5.10783585601,0:08:43 (H:M:S)
Run-83,38.317033970219335,-0.10634633581085133,5.4322746381895355,49.004454343,42.911304126,43.25,3.0,30.0,42.9723756906,13.9375,456.203,171.5,9.8000000000000000e+01,470.1405,171.5,9.8000000000000000e+01,22.711,451.656,171.5,5.0000000000000000e+01,474.367,171.5,5.0000000000000000e+01,32.203,446.914,171.5,0.0000000000000000e+00,479.117,171.5,0.0000000000000000e+00,30.5565415969,6.51739799685,0:12:15 (H:M:S)
Run-84,41.390315315813133,-3.5263586753646328,5.822485382939977,55.0211389809,50.1197091743,43.25,3.0,30.0,49.8011464884,16.15225,450.797,171.5,9.8000000000000000e+01,466.94925,171.5,9.8000000000000000e+01,25.968,445.555,171.5,5.0000000000000000e+01,471.523,171.5,5.0000000000000000e+01,36.156,440.469,171.5,0.0000000000000000e+00,476.625,171.5,0.0000000000000000e+00,18.975549109,6.59028684262,0:10:48 (H:M:S)
Run-85,34.55605817522526,1.19796290029784,5.4568106185187135,45.0323137255,40.1255952582,43.25,3.0,30.0,40.6059810392,11.769,460.18,171.5,9.8000000000000000e+01,471.949,171.5,9.8000000000000000e+01,20.633,455.586,171.5,5.0000000000000000e+01,476.219,171.5,5.0000000000000000e+01,30.164,450.82,171.5,0.0000000000000000e+00,480.984,171.5,0.0000000000000000e+00,38.550062644,6.59077821521,0:08:03 (H:M:S)
Run-86,36.818257629320144,2.9603995984898814,5.5583701031954336,43.0015931177,36.5288804798,43.25,3.0,30.0,36.605041559,13.1875,460.758,171.5,9.8000000000000000e+01,473.9455,171.5,9.8000000000000000e+01,22.579,455.734,171.5,5.0000000000000000e+01,478.313,171.5,5.0000000000000000e+01,32.281,450.883,171.5,0.0000000000000000e+00,483.164,171.5,0.0000000000000000e+00,38.9471239647,6.58145459303,0:10:28 (H:M:S)
Run-87,44.047653772925941,-0.35307132762847937,4.2886947694730457,49.0142472693,43.7081700685,43.25,3.0,30.0,44.7606330366,17.816,452.047,171.5,9.8000000000000000e+01,469.863,171.5,9.8000000000000000e+01,24.531,448.633,171.5,5.0000000000000000e+01,473.164,171.5,5.0000000000000000e+01,32.039,444.891,171.5,0.0000000000000000e+00,476.93,171.5,0.0000000000000000e+00,22.3623651079,5.56530026131,0:12:00 (H:M:S)
Run-88,36.022115000581863,2.5883550707061795,4.9317726491431664,43.0167588933,38.2002324255,43.25,3.0,30.0,38.6738986099,12.629,460.281,171.5,9.8000000000000000e+01,472.91,171.5,9.8000000000000000e+01,20.695,456.078,171.5,5.0000000000000000e+01,476.773,171.5,5.0000000000000000e+01,29.281,451.789,171.5,0.0000000000000000e+00,481.07,171.5,0.0000000000000000e+00,38.6891626264,5.96799906091,0:10:06 (H:M:S)
Run-89,43.913148370474772,-0.43487136459869896,4.3537240768661354,49.017699115,44.2045220138,43.25,3.0,30.0,44.7603960396,17.773,452.094,171.5,9.8000000000000000e+01,469.867,171.5,9.8000000000000000e+01,24.688,448.539,171.5,5.0000000000000000e+01,473.227,171.5,5.0000000000000000e+01,32.289,444.734,171.5,0.0000000000000000e+00,477.023,171.5,0.0000000000000000e+00,22.3743717152,5.56836373313,0:12:58 (H:M:S)
Run-90,40.508391706431155,0.89885128410262116,5.9426510439688975,47.0041368337,40.8728116656,43.25,3.0,30.0,40.9118136439,15.57,455.844,171.5,9.8000000000000000e+01,471.414,171.5,9.8000000000000000e+01,25.679,450.477,171.5,5.0000000000000000e+01,476.156,171.5,5.0000000000000000e+01,36.078,445.266,171.5,0.0000000000000000e+00,481.344,171.5,0.0000000000000000e+00,28.9740086904,6.74385257048,0:11:44 (H:M:S)
Run-91,40.984904647267413,-5.2434045134678042,6.1891327461850256,59.0098365858,53.5767764647,43.25,3.0,30.0,54.5045025041,15.92525,449.031,171.5,9.8000000000000000e+01,464.95625,171.5,9.8000000000000000e+01,25.937,443.922,171.5,5.0000000000000000e+01,469.859,171.5,5.0000000000000000e+01,36.742,438.508,171.5,0.0000000000000000e+00,475.25,171.5,0.0000000000000000e+00,16.315782494,7.20861908069,0:12:11 (H:M:S)
Run-92,42.01376510825289,-1.7260227941377728,4.5190529285750358,51.0292223095,46.1255952582,43.25,3.0,30.0,46.7239819005,16.44,452.445,171.5,9.8000000000000000e+01,468.885,171.5,9.8000000000000000e+01,23.875,448.531,171.5,5.0000000000000000e+01,472.406,171.5,5.0000000000000000e+01,31.766,444.586,171.5,0.0000000000000000e+00,476.352,171.5,0.0000000000000000e+00,22.7970552572,5.56109346997,0:09:00 (H:M:S)
Run-93,37.729335001387902,0.2478637332435876,4.5609679438295192,47.0301507538,42.1255952582,43.25,3.0,30.0,42.7236693092,13.801,457.082,171.5,9.8000000000000000e+01,470.883,171.5,9.8000000000000000e+01,21.117,453.328,171.5,5.0000000000000000e+01,474.445,171.5,5.0000000000000000e+01,29.086,449.344,171.5,0.0000000000000000e+00,478.43,171.5,0.0000000000000000e+00,32.3655827224,5.56338729718,0:08:51 (H:M:S)
Run-94,37.765619897686946,2.0765344930151204,6.1077441376227446,43.0369327074,38.1255952582,43.25,3.0,30.0,38.5059853271,13.899,459.078,171.5,9.8000000000000000e+01,472.977,171.5,9.8000000000000000e+01,23.813,453.984,171.5,5.0000000000000000e+01,477.797,171.5,5.0000000000000000e+01,34.469,448.648,171.5,0.0000000000000000e+00,483.117,171.5,0.0000000000000000e+00,36.3316880237,7.01136749579,0:08:56 (H:M:S)
Run-95,38.43140583933495,-1.5942562704233438,4.8161355063868712,51.0239445495,46.1255952582,43.25,3.0,30.0,46.6752143993,14.092,454.82,171.5,9.8000000000000000e+01,468.912,171.5,9.8000000000000000e+01,22.266,450.422,171.5,5.0000000000000000e+01,472.688,171.5,5.0000000000000000e+01,30.696,446.195,171.5,0.0000000000000000e+00,476.891,171.5,0.0000000000000000e+00,26.9912739965,5.96316398867,0:09:31 (H:M:S)
Run-96,41.884644283227814,-1.8161185933863391,4.4743371449069578,51.0326223338,46.1255952582,43.25,3.0,30.0,46.7239819005,16.369,452.516,171.5,9.8000000000000000e+01,468.885,171.5,9.8000000000000000e+01,23.765,448.602,171.5,5.0000000000000000e+01,472.367,171.5,5.0000000000000000e+01,31.578,444.695,171.5,0.0000000000000000e+00,476.273,171.5,0.0000000000000000e+00,22.8581784537,5.55994726331,0:08:53 (H:M:S)
Run-97,39.442764478317912,-0.79447782598597205,4.9293405883905601,49.0320050204,44.1255952582,43.25,3.0,30.0,44.6721534568,14.947,454.969,171.5,9.8000000000000000e+01,469.916,171.5,9.8000000000000000e+01,22.781,451.0,171.5,5.0000000000000000e+01,473.781,171.5,5.0000000000000000e+01,31.367,446.703,171.5,0.0000000000000000e+00,478.07,171.5,0.0000000000000000e+00,27.9761825524,5.96799906091,0:08:58 (H:M:S)
Run-98,38.317249919738913,0.37224497419584357,3.9833725731681495,47.0251889169,42.1255952582,43.25,3.0,30.0,42.762611276,13.945,456.914,171.5,9.8000000000000000e+01,470.859,171.5,9.8000000000000000e+01,20.758,453.195,171.5,5.0000000000000000e+01,473.953,171.5,5.0000000000000000e+01,27.68,449.734,171.5,0.0000000000000000e+00,477.414,171.5,0.0000000000000000e+00,31.9386457097,5.10570790705,0:08:35 (H:M:S)
Run-99,42.12029354388342,-1.4160626734251871,4.0236172753234332,51.0167588933,46.2002324255,43.25,3.0,30.0,46.7606330366,16.421,452.438,171.5,9.8000000000000000e+01,468.859,171.5,9.8000000000000000e+01,23.024,448.953,171.5,5.0000000000000000e+01,471.977,171.5,5.0000000000000000e+01,30.046,445.438,171.5,0.0000000000000000e+00,475.484,171.5,0.0000000000000000e+00,22.8402229362,5.10677166044,0:09:22 (H:M:S)
Run-100,42.518573394861242,-5.5236623946512458,5.2820832013432097,59.0211389809,54.1197091743,43.25,3.0,30.0,54.6750330251,16.887,448.023,171.5,9.8000000000000000e+01,464.91,171.5,9.8000000000000000e+01,25.289,443.758,171.5,5.0000000000000000e+01,469.047,171.5,5.0000000000000000e+01,34.555,439.125,171.5,0.0000000000000000e+00,473.68,171.5,0.0000000000000000e+00,14.3345900017,6.35966023973,0:11:33 (H:M:S)
Run-101,40.199307755340932,-1.9522587920030363,4.1002381502136105,51.0381607757,46.1255952582,43.25,3.0,30.0,46.7603960396,15.254,453.609,171.5,9.8000000000000000e+01,468.863,171.5,9.8000000000000000e+01,22.07,449.969,171.5,5.0000000000000000e+01,472.039,171.5,5.0000000000000000e+01,29.242,446.383,171.5,0.0000000000000000e+00,475.625,171.5,0.0000000000000000e+00,24.9134751348,5.11245248643,0:07:59 (H:M:S)
Run-102,36.031091513334871,-2.6023019801939213,4.7375360225463021,53.0242557883,48.1255952582,43.25,3.0,30.0,48.6813691838,12.7535,455.141,171.5,9.8000000000000000e+01,467.8945,171.5,9.8000000000000000e+01,20.375,451.219,171.5,5.0000000000000000e+01,471.594,171.5,5.0000000000000000e+01,28.664,447.078,171.5,0.0000000000000000e+00,475.742,171.5,0.0000000000000000e+00,28.5543775363,5.96195644008,0:09:18 (H:M:S)
Run-103,43.046815141989541,0.8282326036052664,3.6361009937662203,47.0069907849,40.9555304037,43.25,3.0,30.0,42.7891036907,16.821,454.031,171.5,9.8000000000000000e+01,470.852,171.5,9.8000000000000000e+01,22.774,450.867,171.5,5.0000000000000000e+01,473.641,171.5,5.0000000000000000e+01,29.14,447.688,171.5,0.0000000000000000e+00,476.828,171.5,0.0000000000000000e+00,26.3411100442,5.10748107501,0:13:03 (H:M:S)
Run-104,41.554429760887366,-1.0755848224340381,4.2195479556519366,51.0031836995,44.7828252125,43.25,3.0,30.0,44.7271702368,16.476,453.391,171.5,9.8000000000000000e+01,469.867,171.5,9.8000000000000000e+01,23.383,449.758,171.5,5.0000000000000000e+01,473.141,171.5,5.0000000000000000e+01,30.789,446.055,171.5,0.0000000000000000e+00,476.844,171.5,0.0000000000000000e+00,24.7886775147,5.5174900238,0:11:07 (H:M:S)
Run-105,39.36676349950605,0.074796265646966398,3.8330604128163897,47.0369327074,42.1255952582,43.25,3.0,30.0,42.7641839518,14.809,456.039,171.5,9.8000000000000000e+01,470.848,171.5,9.8000000000000000e+01,20.821,452.992,171.5,5.0000000000000000e+01,473.813,171.5,5.0000000000000000e+01,27.485,449.656,171.5,0.0000000000000000e+00,477.141,171.5,0.0000000000000000e+00,30.361871334,5.10216525236,0:09:29 (H:M:S)
Run-106,41.194882232847092,-3.0417944075873917,5.3703490646505196,55.0015931177,48.5288804798,43.25,3.0,30.0,48.6383336241,16.067,451.867,171.5,9.8000000000000000e+01,467.934,171.5,9.8000000000000000e+01,25.156,446.969,171.5,5.0000000000000000e+01,472.125,171.5,5.0000000000000000e+01,34.578,442.258,171.5,0.0000000000000000e+00,476.836,171.5,0.0000000000000000e+00,21.8928987938,6.58783107345,0:11:18 (H:M:S)
Run-107,39.560774001064082,-1.6821251298294211,5.7174150318501473,51.0273627929,46.1255952582,43.25,3.0,30.0,46.6050415431,14.926,454.023,171.5,9.8000000000000000e+01,468.949,171.5,9.8000000000000000e+01,24.336,449.102,171.5,5.0000000000000000e+01,473.438,171.5,5.0000000000000000e+01,34.321,444.109,171.5,0.0000000000000000e+00,478.43,171.5,0.0000000000000000e+00,26.2948508589,6.58881316243,0:08:57 (H:M:S)
Run-108,39.999124159067676,3.8933710957049894,4.6889818579353708,41.004454343,34.911304126,43.25,3.0,30.0,34.9541176471,15.25,459.023,171.5,9.8000000000000000e+01,474.273,171.5,9.8000000000000000e+01,22.766,455.203,171.5,5.0000000000000000e+01,477.969,171.5,5.0000000000000000e+01,30.953,451.102,171.5,0.0000000000000000e+00,482.055,171.5,0.0000000000000000e+00,36.3382915385,5.88496095027,0:12:46 (H:M:S)
Run-109,37.029114451609509,-0.32675162546278702,5.0971068466494867,49.0133037694,43.6935916913,43.25,3.0,30.0,44.6717212274,13.172,456.75,171.5,9.8000000000000000e+01,469.922,171.5,9.8000000000000000e+01,21.789,452.133,171.5,5.0000000000000000e+01,473.922,171.5,5.0000000000000000e+01,30.664,447.695,171.5,0.0000000000000000e+00,478.359,171.5,0.0000000000000000e+00,30.9675201033,6.00859719682,0:10:02 (H:M:S)
Run-110,39.869866449455792,1.0877096629418501,7.222059934335272,45.03662545,40.1255952582,43.25,3.0,30.0,38.9908616188,15.25,456.781,171.5,9.8000000000000000e+01,472.031,171.5,9.8000000000000000e+01,27.446,450.32,171.5,5.0000000000000000e+01,477.766,171.5,5.0000000000000000e+01,40.032,444.023,171.5,0.0000000000000000e+00,484.055,171.5,0.0000000000000000e+00,30.9057065686,NOVAL,0:08:54 (H:M:S)
Run-111,41.38995859039936,1.7625709330798804,4.7595637815605123,45.0095207871,39.5689873098,43.25,3.0,30.0,40.7209039548,15.891,456.0,171.5,9.8000000000000000e+01,471.891,171.5,9.8000000000000000e+01,23.828,451.766,171.5,5.0000000000000000e+01,475.594,171.5,5.0000000000000000e+01,32.149,447.609,171.5,0.0000000000000000e+00,479.758,171.5,0.0000000000000000e+00,29.9484893586,6.01186883447,0:12:38 (H:M:S)
Run-112,40.069511697406597,-1.0385403052416371,5.4230166177656942,51.0015931177,44.5288804798,43.25,3.0,30.0,44.606918239,15.352,454.586,171.5,9.8000000000000000e+01,469.938,171.5,9.8000000000000000e+01,24.359,449.813,171.5,5.0000000000000000e+01,474.172,171.5,5.0000000000000000e+01,33.875,445.055,171.5,0.0000000000000000e+00,478.93,171.5,0.0000000000000000e+00,26.8743838357,6.59077821521,0:11:13 (H:M:S)
Run-113,42.690230292812302,-1.1970865717434309,4.1998640849387492,51.007940289,45.5476670399,43.25,3.0,30.0,46.7556650246,16.836,452.039,171.5,9.8000000000000000e+01,468.875,171.5,9.8000000000000000e+01,23.445,448.641,171.5,5.0000000000000000e+01,472.086,171.5,5.0000000000000000e+01,30.804,444.969,171.5,0.0000000000000000e+00,475.773,171.5,0.0000000000000000e+00,22.3530853641,5.116721385,0:13:04 (H:M:S)
Run-114,38.498503507495393,-0.85438902129796579,3.679188129990334,49.0341639241,44.1255952582,43.25,3.0,30.0,44.7907691903,14.031,455.813,171.5,9.8000000000000000e+01,469.844,171.5,9.8000000000000000e+01,20.274,452.398,171.5,5.0000000000000000e+01,472.672,171.5,5.0000000000000000e+01,26.727,449.164,171.5,0.0000000000000000e+00,475.891,171.5,0.0000000000000000e+00,28.9890880748,5.10783585601,0:08:48 (H:M:S)
Run-115,38.634403720007015,0.88861974792591847,3.9902588336570819,47.004454343,40.911304126,43.25,3.0,30.0,40.9836347976,14.133,456.945,171.5,9.8000000000000000e+01,471.078,171.5,9.8000000000000000e+01,20.398,453.758,171.5,5.0000000000000000e+01,474.156,171.5,5.0000000000000000e+01,27.39,450.258,171.5,0.0000000000000000e+00,477.648,171.5,0.0000000000000000e+00,31.9731630221,5.10389660407,0:12:52 (H:M:S)
Run-116,40.163270046883468,1.0441082617229858,4.2420679663098806,45.0381607757,40.1255952582,43.25,3.0,30.0,40.7252252252,15.246,456.625,171.5,9.8000000000000000e+01,471.871,171.5,9.8000000000000000e+01,22.305,452.859,171.5,5.0000000000000000e+01,475.164,171.5,5.0000000000000000e+01,29.75,449.133,171.5,0.0000000000000000e+00,478.883,171.5,0.0000000000000000e+00,30.9182256014,5.51711385269,0:08:26 (H:M:S)
Run-117,40.102784314152274,-3.0310459809056516,5.1251680878908736,55.0012746973,48.5180874489,43.25,3.0,30.0,48.6736842105,15.336,452.586,171.5,9.8000000000000000e+01,467.922,171.5,9.8000000000000000e+01,23.867,448.055,171.5,5.0000000000000000e+01,471.922,171.5,5.0000000000000000e+01,32.789,443.594,171.5,0.0000000000000000e+00,476.383,171.5,0.0000000000000000e+00,22.8765810557,6.01023257206,0:11:07 (H:M:S)
Run-118,38.711996031059712,2.1314771739088587,4.1997444787214491,43.0347798841,38.1255952582,43.25,3.0,30.0,38.726197731,14.273,458.602,171.5,9.8000000000000000e+01,472.875,171.5,9.8000000000000000e+01,21.25,454.875,171.5,5.0000000000000000e+01,476.125,171.5,5.0000000000000000e+01,28.617,451.188,171.5,0.0000000000000000e+00,479.805,171.5,0.0000000000000000e+00,34.9119426266,5.07329939258,0:09:01 (H:M:S)
Run-119,41.938011161173513,-3.5864073483118508,4.0348951215629363,55.0236332125,50.1255952582,43.25,3.0,30.0,50.7606330366,16.351,450.508,171.5,9.8000000000000000e+01,466.859,171.5,9.8000000000000000e+01,23.015,446.969,171.5,5.0000000000000000e+01,469.984,171.5,5.0000000000000000e+01,30.063,443.445,171.5,0.0000000000000000e+00,473.508,171.5,0.0000000000000000e+00,18.8495339265,5.2554713518,0:10:10 (H:M:S)
Run-120,42.727234060477954,-0.087869570737147407,5.687406498573246,49.003501512,42.8554826658,43.25,3.0,30.0,42.8821362799,16.953,453.547,171.5,9.8000000000000000e+01,470.5,171.5,9.8000000000000000e+01,26.516,448.547,171.5,5.0000000000000000e+01,475.063,171.5,5.0000000000000000e+01,36.453,443.578,171.5,0.0000000000000000e+00,480.031,171.5,0.0000000000000000e+00,24.8584658238,6.67988606322,0:11:57 (H:M:S)
Run-121,36.579367263590164,0.22824574628578506,4.9813910633136063,47.0310783237,42.1255952582,43.25,3.0,30.0,42.6758893281,12.887,458.023,171.5,9.8000000000000000e+01,470.91,171.5,9.8000000000000000e+01,21.234,453.586,171.5,5.0000000000000000e+01,474.82,171.5,5.0000000000000000e+01,29.937,449.219,171.5,0.0000000000000000e+00,479.156,171.5,0.0000000000000000e+00,34.2993902871,5.97364986181,0:08:06 (H:M:S)
Run-122,41.271525141542853,-0.05448824703392028,5.0415291148136676,49.0022296544,42.7149267348,43.25,3.0,30.0,42.6785243742,16.121,454.781,171.5,9.8000000000000000e+01,470.902,171.5,9.8000000000000000e+01,24.68,450.172,171.5,5.0000000000000000e+01,474.852,171.5,5.0000000000000000e+01,33.453,445.781,171.5,0.0000000000000000e+00,479.234,171.5,0.0000000000000000e+00,26.9748875908,6.00900595749,0:12:21 (H:M:S)
Run-123,46.698173147335751,1.3567547180316903,6.63165565711975,45.0258105131,40.1255952582,43.25,3.0,30.0,38.9969872256,19.685,452.313,171.5,9.8000000000000000e+01,471.998,171.5,9.8000000000000000e+01,30.563,446.656,171.5,5.0000000000000000e+01,477.219,171.5,5.0000000000000000e+01,42.157,440.859,171.5,0.0000000000000000e+00,483.016,171.5,0.0000000000000000e+00,22.66482943,7.46831680692,0:10:05 (H:M:S)
Run-124,38.522654628080637,-0.33562360950791509,4.817902152653482,49.013618369,43.7009126156,43.25,3.0,30.0,44.6741130092,14.078,455.82,171.5,9.8000000000000000e+01,469.898,171.5,9.8000000000000000e+01,22.274,451.414,171.5,5.0000000000000000e+01,473.688,171.5,5.0000000000000000e+01,30.703,447.195,171.5,0.0000000000000000e+00,477.898,171.5,0.0000000000000000e+00,28.9930131004,5.96276141832,0:10:10 (H:M:S)
Run-125,36.936260078781842,1.2782152769147177,5.4233730558205586,45.0289126336,40.1255952582,43.25,3.0,30.0,40.6097918717,13.211,458.711,171.5,9.8000000000000000e+01,471.922,171.5,9.8000000000000000e+01,22.336,453.859,171.5,5.0000000000000000e+01,476.195,171.5,5.0000000000000000e+01,31.836,449.109,171.5,0.0000000000000000e+00,480.945,171.5,0.0000000000000000e+00,34.9351437076,6.58783107345,0:07:22 (H:M:S)
Run-126,38.477575500731504,-2.4994650931350608,4.3883017101139377,53.0202020202,48.117582285,43.25,3.0,30.0,48.7255793192,14.062,453.813,171.5,9.8000000000000000e+01,467.875,171.5,9.8000000000000000e+01,21.5,449.789,171.5,5.0000000000000000e+01,471.289,171.5,5.0000000000000000e+01,29.164,445.961,171.5,0.0000000000000000e+00,475.125,171.5,0.0000000000000000e+00,24.9896013865,5.52728845365,0:09:46 (H:M:S)
Run-127,42.242954130200381,2.2550507505293593,5.4626009934652702,43.0298413696,38.1255952582,43.25,3.0,30.0,38.6091408132,16.692,456.242,171.5,9.8000000000000000e+01,472.934,171.5,9.8000000000000000e+01,25.555,451.648,171.5,5.0000000000000000e+01,477.203,171.5,5.0000000000000000e+01,35.102,446.875,171.5,0.0000000000000000e+00,481.977,171.5,0.0000000000000000e+00,30.5678094318,6.59668038142,0:09:19 (H:M:S)
Run-128,42.02088751483744,0.40464080564444421,3.9349332213166188,47.0239445495,42.1255952582,43.25,3.0,30.0,42.7629629052,16.406,454.453,171.5,9.8000000000000000e+01,470.859,171.5,9.8000000000000000e+01,22.875,451.031,171.5,5.0000000000000000e+01,473.906,171.5,5.0000000000000000e+01,29.734,447.594,171.5,0.0000000000000000e+00,477.328,171.5,0.0000000000000000e+00,26.8442669338,5.10429025654,0:10:06 (H:M:S)
Run-129,38.162321262437274,1.1525780134985704,5.3194129444340428,45.0338557994,40.1255952582,43.25,3.0,30.0,40.6721743446,13.934,458.0,171.5,9.8000000000000000e+01,471.934,171.5,9.8000000000000000e+01,22.773,453.313,171.5,5.0000000000000000e+01,476.086,171.5,5.0000000000000000e+01,32.07,448.68,171.5,0.0000000000000000e+00,480.75,171.5,0.0000000000000000e+00,33.9423521197,6.58832208151,0:08:41 (H:M:S)
Run-130,37.639826077434087,-2.5152996545974298,5.4678756099041079,53.0208267592,48.1197091743,43.25,3.0,30.0,48.6075634495,13.7105,454.227,171.5,9.8000000000000000e+01,467.9375,171.5,9.8000000000000000e+01,22.594,449.625,171.5,5.0000000000000000e+01,472.219,171.5,5.0000000000000000e+01,32.148,444.852,171.5,0.0000000000000000e+00,477.0,171.5,0.0000000000000000e+00,26.5640727581,6.59569595631,0:09:46 (H:M:S)
Run-131,44.233054923869055,-0.2794340777330791,5.2372569159922335,49.0114140774,43.6760872124,43.25,3.0,30.0,44.6706192358,17.977,451.953,171.5,9.8000000000000000e+01,469.93,171.5,9.8000000000000000e+01,26.289,447.727,171.5,5.0000000000000000e+01,474.016,171.5,5.0000000000000000e+01,35.461,443.133,171.5,0.0000000000000000e+00,478.594,171.5,0.0000000000000000e+00,21.9664024939,6.02129459634,0:11:25 (H:M:S)
Run-132,39.384110420577919,-3.0617194373936436,4.9906151653326809,55.0025477707,48.7337936169,43.25,3.0,30.0,48.6706192358,14.887,453.039,171.5,9.8000000000000000e+01,467.926,171.5,9.8000000000000000e+01,23.281,448.555,171.5,5.0000000000000000e+01,471.836,171.5,5.0000000000000000e+01,32.008,444.172,171.5,0.0000000000000000e+00,476.18,171.5,0.0000000000000000e+00,24.303966805,5.9724380785,0:11:17 (H:M:S)
Run-133,41.875200544857499,3.7699487114035457,5.4103087585285232,41.0092048881,35.5683656958,43.25,3.0,30.0,36.606918239,16.34,457.594,171.5,9.8000000000000000e+01,473.934,171.5,9.8000000000000000e+01,25.32,452.844,171.5,5.0000000000000000e+01,478.164,171.5,5.0000000000000000e+01,34.804,448.102,171.5,0.0000000000000000e+00,482.906,171.5,0.0000000000000000e+00,32.8769947285,6.59028684262,0:11:34 (H:M:S)
Run-134,41.802532521516554,2.0971041177827505,4.5231546010702939,43.0363180964,38.1255952582,43.25,3.0,30.0,38.7236693092,16.33,456.555,171.5,9.8000000000000000e+01,472.885,171.5,9.8000000000000000e+01,23.836,452.578,171.5,5.0000000000000000e+01,476.414,171.5,5.0000000000000000e+01,31.734,448.625,171.5,0.0000000000000000e+00,480.359,171.5,0.0000000000000000e+00,30.896029224,5.56109346997,0:08:57 (H:M:S)
Run-135,41.028875459350189,0.94529011436873212,4.6889316950489865,47.0022296544,40.7149267348,43.25,3.0,30.0,40.6789473684,15.946,455.945,171.5,9.8000000000000000e+01,471.891,171.5,9.8000000000000000e+01,23.93,451.625,171.5,5.0000000000000000e+01,475.555,171.5,5.0000000000000000e+01,32.141,447.523,171.5,0.0000000000000000e+00,479.664,171.5,0.0000000000000000e+00,29.9448678388,5.52464700354,0:12:01 (H:M:S)
Run-136,41.486340648349284,-0.75468164450452391,4.738246629341182,49.0304600408,44.1255952582,43.25,3.0,30.0,44.7239819005,16.09,453.789,171.5,9.8000000000000000e+01,469.879,171.5,9.8000000000000000e+01,24.086,449.477,171.5,5.0000000000000000e+01,473.563,171.5,5.0000000000000000e+01,32.399,445.32,171.5,0.0000000000000000e+00,477.719,171.5,0.0000000000000000e+00,24.9761132428,5.57181416005,0:09:11 (H:M:S)
Run-137,42.761837601543078,0.56425372827794806,3.9368261113940299,47.017699115,42.2045220138,43.25,3.0,30.0,42.7611056269,16.82,454.039,171.5,9.8000000000000000e+01,470.859,171.5,9.8000000000000000e+01,23.242,450.672,171.5,5.0000000000000000e+01,473.914,171.5,5.0000000000000000e+01,30.125,447.211,171.5,0.0000000000000000e+00,477.336,171.5,0.0000000000000000e+00,26.3438978778,5.10464459555,0:11:20 (H:M:S)
Run-138,42.803209522963243,0.32775124926459559,3.8594691253604356,47.0270525322,42.1255952582,43.25,3.0,30.0,42.7622105917,16.82,454.039,171.5,9.8000000000000000e+01,470.859,171.5,9.8000000000000000e+01,23.25,450.594,171.5,5.0000000000000000e+01,473.844,171.5,5.0000000000000000e+01,30.0,447.203,171.5,0.0000000000000000e+00,477.203,171.5,0.0000000000000000e+00,26.3336509814,5.10216525236,0:09:07 (H:M:S)
Run-139,41.716510060532933,-3.149251495780145,5.9541937734865158,55.0060403751,48.9541734736,43.25,3.0,30.0,48.9921931843,16.179,450.805,171.5,9.8000000000000000e+01,466.984,171.5,9.8000000000000000e+01,26.125,445.469,171.5,5.0000000000000000e+01,471.594,171.5,5.0000000000000000e+01,36.555,440.25,171.5,0.0000000000000000e+00,476.805,171.5,0.0000000000000000e+00,18.977265548,7.06148740601,0:13:37 (H:M:S)
Run-140,36.479024137321282,-2.5047565787866879,5.016537496116209,53.020514439,48.1213255607,43.25,3.0,30.0,48.6721534568,12.855,455.063,171.5,9.8000000000000000e+01,467.918,171.5,9.8000000000000000e+01,21.196,450.656,171.5,5.0000000000000000e+01,471.852,171.5,5.0000000000000000e+01,29.961,446.258,171.5,0.0000000000000000e+00,476.219,171.5,0.0000000000000000e+00,28.3196098527,5.97526633522,0:10:06 (H:M:S)
Run-141,38.963532224769359,-1.2053405137369961,6.2157449596396681,51.0082565894,45.5556997287,43.25,3.0,30.0,45.7517411278,14.4705,454.461,171.5,9.8000000000000000e+01,468.9315,171.5,9.8000000000000000e+01,24.821,449.07,171.5,5.0000000000000000e+01,473.891,171.5,5.0000000000000000e+01,35.633,443.664,171.5,0.0000000000000000e+00,479.297,171.5,0.0000000000000000e+00,26.7803815937,7.05784664988,0:11:49 (H:M:S)
Run-142,40.816455017825696,-0.40568098479590542,4.5932684598011573,49.0164452878,43.7644860697,43.25,3.0,30.0,44.7226628434,15.836,454.07,171.5,9.8000000000000000e+01,469.906,171.5,9.8000000000000000e+01,23.102,450.336,171.5,5.0000000000000000e+01,473.438,171.5,5.0000000000000000e+01,31.133,446.32,171.5,0.0000000000000000e+00,477.453,171.5,0.0000000000000000e+00,26.3648308436,5.56453491831,0:11:44 (H:M:S)
Run-143,44.523718218578288,-0.62510497846693514,3.2924818063214429,49.0251889169,44.1255952582,43.25,3.0,30.0,44.8135860979,17.945,451.883,171.5,9.8000000000000000e+01,469.828,171.5,9.8000000000000000e+01,23.547,448.773,171.5,5.0000000000000000e+01,472.32,171.5,5.0000000000000000e+01,29.304,445.891,171.5,0.0000000000000000e+00,475.195,171.5,0.0000000000000000e+00,20.9945671026,4.67841025581,0:09:34 (H:M:S)
Run-144,39.696782742158639,-2.0573361077683394,5.8473447445305364,53.0022296544,46.7149267348,43.25,3.0,30.0,46.6034608221,15.118,453.82,171.5,9.8000000000000000e+01,468.938,171.5,9.8000000000000000e+01,25.023,448.516,171.5,5.0000000000000000e+01,473.539,171.5,5.0000000000000000e+01,35.266,443.398,171.5,0.0000000000000000e+00,478.664,171.5,0.0000000000000000e+00,24.9737509986,6.5961881323,0:11:32 (H:M:S)
Run-145,39.27694998380202,-2.2752159594616557,5.0907518093786859,53.0110987791,47.6685376252,43.25,3.0,30.0,48.6712878569,14.715,453.211,171.5,9.8000000000000000e+01,467.926,171.5,9.8000000000000000e+01,22.969,448.961,171.5,5.0000000000000000e+01,471.93,171.5,5.0000000000000000e+01,31.836,444.516,171.5,0.0000000000000000e+00,476.352,171.5,0.0000000000000000e+00,24.5686470629,5.96074937867,0:10:45 (H:M:S)
Run-146,39.403751199816199,1.8202246689928598,4.3521916207358098,45.0073073868,38.9580119874,43.25,3.0,30.0,40.7621407334,14.734,457.125,171.5,9.8000000000000000e+01,471.859,171.5,9.8000000000000000e+01,21.602,453.625,171.5,5.0000000000000000e+01,475.227,171.5,5.0000000000000000e+01,29.203,449.82,171.5,0.0000000000000000e+00,479.023,171.5,0.0000000000000000e+00,32.5635174327,5.56798061531,0:13:29 (H:M:S)
Run-147,42.619730231676741,2.2018765032596868,6.4572356277227323,43.0320050204,38.1255952582,43.25,3.0,30.0,36.9975939847,16.969,455.945,171.5,9.8000000000000000e+01,472.914,171.5,9.8000000000000000e+01,27.398,450.672,171.5,5.0000000000000000e+01,478.07,171.5,5.0000000000000000e+01,38.711,445.023,171.5,0.0000000000000000e+00,483.734,171.5,0.0000000000000000e+00,29.9446879319,7.01290698528,0:08:59 (H:M:S)
Run-148,39.719755176465888,-2.7797001690568273,5.5550957267347574,53.0313873195,48.1255952582,43.25,3.0,30.0,48.61075491,14.9645,452.969,171.5,9.8000000000000000e+01,467.9335,171.5,9.8000000000000000e+01,24.25,448.039,171.5,5.0000000000000000e+01,472.289,171.5,5.0000000000000000e+01,33.953,443.188,171.5,0.0000000000000000e+00,477.141,171.5,0.0000000000000000e+00,23.9297396776,6.54248363978,0:08:09 (H:M:S)
Run-149,40.604157867264263,-1.0898398687653343,5.14022312786798,51.0038192234,44.8644344471,43.25,3.0,30.0,44.9366391185,15.414,453.922,171.5,9.8000000000000000e+01,469.336,171.5,9.8000000000000000e+01,24.25,449.164,171.5,5.0000000000000000e+01,473.414,171.5,5.0000000000000000e+01,33.234,444.688,171.5,0.0000000000000000e+00,477.922,171.5,0.0000000000000000e+00,25.9274029139,6.28964727804,0:13:10 (H:M:S)
Run-150,41.331285824488823,2.5636437176979245,4.4146955398483136,43.017699115,38.2045220138,43.25,3.0,30.0,38.7294250282,15.9495,456.906,171.5,9.8000000000000000e+01,472.8555,171.5,9.8000000000000000e+01,23.406,452.875,171.5,5.0000000000000000e+01,476.281,171.5,5.0000000000000000e+01,31.133,449.0,171.5,0.0000000000000000e+00,480.133,171.5,0.0000000000000000e+00,31.9340036719,5.56032927986,0:10:11 (H:M:S)
Run-151,38.933126050517615,1.777938667903135,4.9129600824918862,45.0088888889,39.5572752762,43.25,3.0,30.0,40.6745406824,14.363,457.539,171.5,9.8000000000000000e+01,471.902,171.5,9.8000000000000000e+01,22.507,453.227,171.5,5.0000000000000000e+01,475.734,171.5,5.0000000000000000e+01,31.063,448.953,171.5,0.0000000000000000e+00,480.016,171.5,0.0000000000000000e+00,32.8640415958,5.96517765313,0:12:47 (H:M:S)
Run-152,41.983922149731107,-1.2718247743290862,6.9969577712600799,51.0110987791,45.6685376252,43.25,3.0,30.0,44.9934938191,16.5975,452.422,171.5,9.8000000000000000e+01,469.0195,171.5,9.8000000000000000e+01,28.133,446.406,171.5,5.0000000000000000e+01,474.539,171.5,5.0000000000000000e+01,40.399,440.273,171.5,0.0000000000000000e+00,480.672,171.5,0.0000000000000000e+00,22.693944028,7.47859392324,0:12:02 (H:M:S)
Run-153,41.852599091531658,-0.5660643269257013,5.2577975861125941,49.0226986129,44.1255952582,43.25,3.0,30.0,44.6750330251,16.426,453.484,171.5,9.8000000000000000e+01,469.91,171.5,9.8000000000000000e+01,25.101,448.922,171.5,5.0000000000000000e+01,474.023,171.5,5.0000000000000000e+01,34.32,444.313,171.5,0.0000000000000000e+00,478.633,171.5,0.0000000000000000e+00,24.845297892,6.02252621498,0:10:44 (H:M:S)
Run-154,42.530492664056283,-0.72004289227412321,4.5723089511087913,49.0289126336,44.1255952582,43.25,3.0,30.0,44.7249154453,16.855,453.016,171.5,9.8000000000000000e+01,469.871,171.5,9.8000000000000000e+01,24.063,449.359,171.5,5.0000000000000000e+01,473.422,171.5,5.0000000000000000e+01,32.047,445.367,171.5,0.0000000000000000e+00,477.414,171.5,0.0000000000000000e+00,24.3424866311,5.56300486165,0:10:15 (H:M:S)
Run-155,43.346205731154079,1.6886139493977994,4.6008185123667484,45.0126742712,39.6927003478,43.25,3.0,30.0,40.7265536723,17.217,454.656,171.5,9.8000000000000000e+01,471.873,171.5,9.8000000000000000e+01,24.898,450.547,171.5,5.0000000000000000e+01,475.445,171.5,5.0000000000000000e+01,32.93,446.531,171.5,0.0000000000000000e+00,479.461,171.5,0.0000000000000000e+00,26.9448327611,5.56491756358,0:11:06 (H:M:S)
Run-156,43.171898504621609,-0.32492758301015856,5.6678175358090153,49.0133037694,43.6935916913,43.25,3.0,30.0,44.6056699993,17.1565,452.781,171.5,9.8000000000000000e+01,469.9375,171.5,9.8000000000000000e+01,26.727,447.656,171.5,5.0000000000000000e+01,474.383,171.5,5.0000000000000000e+01,36.633,442.703,171.5,0.0000000000000000e+00,479.336,171.5,0.0000000000000000e+00,22.9717540525,6.58243478999,0:10:40 (H:M:S)
Run-157,39.491809478333764,-3.5935761532308073,4.9812001804750619,55.0239445495,50.1255952582,43.25,3.0,30.0,50.6732542819,14.924,452.0,171.5,9.8000000000000000e+01,466.924,171.5,9.8000000000000000e+01,22.914,447.914,171.5,5.0000000000000000e+01,470.828,171.5,5.0000000000000000e+01,31.601,443.563,171.5,0.0000000000000000e+00,475.164,171.5,0.0000000000000000e+00,21.979867732,6.11473393343,0:10:12 (H:M:S)
Run-158,40.578707984271837,1.5220354984997899,5.381078390037354,45.0192641718,40.1147823367,43.25,3.0,30.0,40.6081835289,15.631,456.289,171.5,9.8000000000000000e+01,471.92,171.5,9.8000000000000000e+01,24.391,451.742,171.5,5.0000000000000000e+01,476.133,171.5,5.0000000000000000e+01,33.821,447.031,171.5,0.0000000000000000e+00,480.852,171.5,0.0000000000000000e+00,30.6860652459,6.40081051474,0:10:59 (H:M:S)
Run-159,39.430470081054665,4.195673468353867,5.3069103708572118,39.0323137255,34.1255952582,43.25,3.0,30.0,34.6113744076,14.912,460.016,171.5,9.8000000000000000e+01,474.928,171.5,9.8000000000000000e+01,23.414,455.68,171.5,5.0000000000000000e+01,479.094,171.5,5.0000000000000000e+01,32.711,451.039,171.5,0.0000000000000000e+00,483.75,171.5,0.0000000000000000e+00,38.323681961,NOVAL,0:08:24 (H:M:S)
Run-160,41.800813399834823,2.8676894881495114,4.9350318050145194,43.0054062649,36.928758483,43.25,3.0,30.0,36.9505598282,16.369,456.914,171.5,9.8000000000000000e+01,473.283,171.5,9.8000000000000000e+01,24.609,452.547,171.5,5.0000000000000000e+01,477.156,171.5,5.0000000000000000e+01,33.258,448.211,171.5,0.0000000000000000e+00,481.469,171.5,0.0000000000000000e+00,31.9305227299,5.92761839953,0:12:30 (H:M:S)
Run-161,41.322490233755879,1.883410798908808,5.3937420795114157,45.0047717512,38.9167602373,43.25,3.0,30.0,38.9056291391,16.305,456.133,171.5,9.8000000000000000e+01,472.438,171.5,9.8000000000000000e+01,25.078,451.695,171.5,5.0000000000000000e+01,476.773,171.5,5.0000000000000000e+01,34.492,446.977,171.5,0.0000000000000000e+00,481.469,171.5,0.0000000000000000e+00,30.5371886872,6.23505542607,0:11:27 (H:M:S)
Run-162,43.573106358834863,-4.9436708963882259,2.8214430700201469,57.0378539027,52.1255952582,43.25,3.0,30.0,52.8473684211,17.399,448.398,171.5,9.8000000000000000e+01,465.797,171.5,9.8000000000000000e+01,21.938,445.984,171.5,5.0000000000000000e+01,467.922,171.5,5.0000000000000000e+01,26.851,443.516,171.5,0.0000000000000000e+00,470.367,171.5,0.0000000000000000e+00,14.8870632638,5.05516240724,0:08:20 (H:M:S)
Run-163,38.838636547715737,-3.2108828881720357,5.0341545021327905,55.0085727893,49.56362586,43.25,3.0,30.0,50.6741130092,14.308,452.602,171.5,9.8000000000000000e+01,466.91,171.5,9.8000000000000000e+01,22.696,448.148,171.5,5.0000000000000000e+01,470.844,171.5,5.0000000000000000e+01,31.461,443.766,171.5,0.0000000000000000e+00,475.227,171.5,0.0000000000000000e+00,22.9091099204,6.15516834327,0:11:53 (H:M:S)
Run-164,44.61561384894005,0.62219321552793838,5.1403854080775089,47.0151898734,41.7147708356,43.25,3.0,30.0,42.6714848883,18.105,452.813,171.5,9.8000000000000000e+01,470.918,171.5,9.8000000000000000e+01,26.797,448.141,171.5,5.0000000000000000e+01,474.938,171.5,5.0000000000000000e+01,35.75,443.656,171.5,0.0000000000000000e+00,479.406,171.5,0.0000000000000000e+00,22.9810938687,6.0126872986,0:10:48 (H:M:S)
Run-165,39.37032205545777,-2.5438018710653756,5.7756348989722799,53.0220750552,48.1255952582,43.25,3.0,30.0,48.6044123247,14.93,453.023,171.5,9.8000000000000000e+01,467.953,171.5,9.8000000000000000e+01,24.179,448.305,171.5,5.0000000000000000e+01,472.484,171.5,5.0000000000000000e+01,34.273,443.258,171.5,0.0000000000000000e+00,477.531,171.5,0.0000000000000000e+00,24.3224153033,6.58243478999,0:10:05 (H:M:S)
Run-166,40.190970563324612,-0.1890887766966369,3.30939002306858,49.0076238882,43.5473518311,43.25,3.0,30.0,44.8134387352,14.992,454.836,171.5,9.8000000000000000e+01,469.828,171.5,9.8000000000000000e+01,20.61,451.734,171.5,5.0000000000000000e+01,472.344,171.5,5.0000000000000000e+01,26.382,448.852,171.5,0.0000000000000000e+00,475.234,171.5,0.0000000000000000e+00,26.9929078014,4.67807941015,0:12:08 (H:M:S)
Run-167,40.169255382062126,-3.4437782211261143,4.3901780091961662,55.0180123242,50.2070038057,43.25,3.0,30.0,50.7226606539,15.25,451.641,171.5,9.8000000000000000e+01,466.891,171.5,9.8000000000000000e+01,22.563,447.734,171.5,5.0000000000000000e+01,470.297,171.5,5.0000000000000000e+01,30.227,443.898,171.5,0.0000000000000000e+00,474.125,171.5,0.0000000000000000e+00,20.9220115985,5.67448050646,0:11:02 (H:M:S)
Run-168,37.008826651952937,4.0595430186314125,4.8731200998306132,39.0375469337,34.1255952582,43.25,3.0,30.0,34.6741159,13.242,461.68,171.5,9.8000000000000000e+01,474.922,171.5,9.8000000000000000e+01,21.422,457.305,171.5,5.0000000000000000e+01,478.727,171.5,5.0000000000000000e+01,29.914,453.055,171.5,0.0000000000000000e+00,482.969,171.5,0.0000000000000000e+00,40.9303447741,5.96316398867,0:08:19 (H:M:S)
Run-169,41.214966564970773,-3.2091891676176947,3.6540211665842044,55.0085727893,49.56362586,43.25,3.0,30.0,50.7898904557,15.914,450.934,171.5,9.8000000000000000e+01,466.848,171.5,9.8000000000000000e+01,21.601,448.055,171.5,5.0000000000000000e+01,469.656,171.5,5.0000000000000000e+01,27.976,444.883,171.5,0.0000000000000000e+00,472.859,171.5,0.0000000000000000e+00,19.9664507329,5.36189843248,0:12:34 (H:M:S)
Run-170,38.41229368608068,-2.1126560009745519,4.0478420780689586,53.004454343,46.911304126,43.25,3.0,30.0,46.9852640196,13.9965,454.0665,171.5,9.8000000000000000e+01,468.063,171.5,9.8000000000000000e+01,20.375,450.805,171.5,5.0000000000000000e+01,471.18,171.5,5.0000000000000000e+01,27.477,447.25,171.5,0.0000000000000000e+00,474.727,171.5,0.0000000000000000e+00,26.3738364352,5.15839714114,0:13:14 (H:M:S)
Run-171,41.719728666354463,0.32685375566031039,5.9246396558836505,47.0270525322,42.1255952582,43.25,3.0,30.0,42.6012474135,16.359,454.547,171.5,9.8000000000000000e+01,470.906,171.5,9.8000000000000000e+01,26.265,449.352,171.5,5.0000000000000000e+01,475.617,171.5,5.0000000000000000e+01,36.617,444.18,171.5,0.0000000000000000e+00,480.797,171.5,0.0000000000000000e+00,26.8540134753,6.60062100917,0:09:24 (H:M:S)
Run-172,40.11895835417689,0.56932935861172684,4.9759220009093754,47.0173858069,42.2033233704,43.25,3.0,30.0,42.6732542819,15.234,455.672,171.5,9.8000000000000000e+01,470.906,171.5,9.8000000000000000e+01,23.609,451.219,171.5,5.0000000000000000e+01,474.828,171.5,5.0000000000000000e+01,32.265,446.891,171.5,0.0000000000000000e+00,479.156,171.5,0.0000000000000000e+00,28.9262449363,5.97486213515,0:11:33 (H:M:S)
Run-173,43.029624977378631,2.6570973161563267,5.78799427064647,43.0139328689,37.7075762129,43.25,3.0,30.0,38.6018810518,17.105,455.852,171.5,9.8000000000000000e+01,472.957,171.5,9.8000000000000000e+01,26.844,450.656,171.5,5.0000000000000000e+01,477.5,171.5,5.0000000000000000e+01,36.969,445.586,171.5,0.0000000000000000e+00,482.555,171.5,0.0000000000000000e+00,29.8806367401,6.58930431625,0:10:43 (H:M:S)
Run-174,41.349978659710175,4.1640944887960121,5.5925581447002335,39.033547578,34.1255952582,43.25,3.0,30.0,34.6088328076,16.1055,458.836,171.5,9.8000000000000000e+01,474.9415,171.5,9.8000000000000000e+01,25.547,453.773,171.5,5.0000000000000000e+01,479.32,171.5,5.0000000000000000e+01,35.312,448.891,171.5,0.0000000000000000e+00,484.203,171.5,0.0000000000000000e+00,34.9777718629,NOVAL,0:08:52 (H:M:S)
Run-175,41.083503635166473,-2.9525711667730072,4.8425688813297958,53.0381607757,48.1255952582,43.25,3.0,30.0,48.6782673027,15.871,452.031,171.5,9.8000000000000000e+01,467.902,171.5,9.8000000000000000e+01,23.859,447.813,171.5,5.0000000000000000e+01,471.672,171.5,5.0000000000000000e+01,32.32,443.586,171.5,0.0000000000000000e+00,475.906,171.5,0.0000000000000000e+00,22.3192768959,5.96356661319,0:09:15 (H:M:S)
Run-176,41.257247409809452,-3.0249340838458494,4.7575010618406397,55.0009561753,48.4725061958,43.25,3.0,30.0,48.6767411301,16.016,451.898,171.5,9.8000000000000000e+01,467.914,171.5,9.8000000000000000e+01,24.102,447.531,171.5,5.0000000000000000e+01,471.633,171.5,5.0000000000000000e+01,32.437,443.352,171.5,0.0000000000000000e+00,475.789,171.5,0.0000000000000000e+00,21.9250766791,5.5291767459,0:11:14 (H:M:S)
Run-177,38.479621459259981,0.19720467927503571,5.6581468357622935,47.0323137255,42.1255952582,43.25,3.0,30.0,42.6088540874,14.1955,456.75,171.5,9.8000000000000000e+01,470.9455,171.5,9.8000000000000000e+01,23.711,451.672,171.5,5.0000000000000000e+01,475.383,171.5,5.0000000000000000e+01,33.601,446.727,171.5,0.0000000000000000e+00,480.328,171.5,0.0000000000000000e+00,30.94493787,6.58292499749,0:08:37 (H:M:S)
Run-178,37.008158129797458,1.1142913030184387,5.1198598226349725,45.0353954581,40.1255952582,43.25,3.0,30.0,40.6723910172,13.25,458.672,171.5,9.8000000000000000e+01,471.922,171.5,9.8000000000000000e+01,21.859,454.086,171.5,5.0000000000000000e+01,475.945,171.5,5.0000000000000000e+01,30.765,449.633,171.5,0.0000000000000000e+00,480.398,171.5,0.0000000000000000e+00,34.9278283816,6.01064155446,0:08:41 (H:M:S)
Run-179,41.345014115608741,-0.99954416451927419,6.5045885715632412,49.04,44.1255952582,43.25,3.0,30.0,42.9969926618,16.1916153846,453.797,171.5,9.8000000000000000e+01,469.988615385,171.5,9.8000000000000000e+01,27.14,447.969,171.5,5.0000000000000000e+01,475.109,171.5,5.0000000000000000e+01,38.547,442.266,171.5,0.0000000000000000e+00,480.813,171.5,0.0000000000000000e+00,24.9509152686,7.46022311161,0:08:50 (H:M:S)
Run-180,41.497115187955032,-0.21736777793550596,4.7432839827859876,49.0088888889,43.5572752762,43.25,3.0,30.0,44.7200902935,15.968,453.938,171.5,9.8000000000000000e+01,469.906,171.5,9.8000000000000000e+01,23.859,449.711,171.5,5.0000000000000000e+01,473.57,171.5,5.0000000000000000e+01,32.164,445.563,171.5,0.0000000000000000e+00,477.727,171.5,0.0000000000000000e+00,25.9433707902,5.57181416005,0:12:01 (H:M:S)
Run-181,40.922329167783111,1.9950182765515263,4.1189175255698736,45.0003188267,38.1960987044,43.25,3.0,30.0,38.7255343082,15.902,456.969,171.5,9.8000000000000000e+01,472.871,171.5,9.8000000000000000e+01,22.336,453.719,171.5,5.0000000000000000e+01,476.055,171.5,5.0000000000000000e+01,29.57,450.102,171.5,0.0000000000000000e+00,479.672,171.5,0.0000000000000000e+00,31.9883479109,5.0677049716,0:11:03 (H:M:S)
Run-182,37.039764281287241,-0.29491510730907494,4.2983414455762032,49.012044374,43.6838831974,43.25,3.0,30.0,44.7271702368,13.101,456.766,171.5,9.8000000000000000e+01,469.867,171.5,9.8000000000000000e+01,20.351,452.852,171.5,5.0000000000000000e+01,473.203,171.5,5.0000000000000000e+01,27.883,449.078,171.5,0.0000000000000000e+00,476.961,171.5,0.0000000000000000e+00,30.9826388889,5.51786624604,0:10:02 (H:M:S)
Run-183,38.610068218025148,-2.7760306426823518,5.5316317475361751,53.0310783237,48.1255952582,43.25,3.0,30.0,48.6069383154,14.3125,453.625,171.5,9.8000000000000000e+01,467.9375,171.5,9.8000000000000000e+01,23.531,448.742,171.5,5.0000000000000000e+01,472.273,171.5,5.0000000000000000e+01,33.196,443.906,171.5,0.0000000000000000e+00,477.102,171.5,0.0000000000000000e+00,24.8845780387,6.53812814395,0:07:58 (H:M:S)
Run-184,40.520673006152037,-1.3324910585357652,4.6607251964138889,51.0133037694,45.6935916913,43.25,3.0,30.0,46.7252690646,15.43,453.445,171.5,9.8000000000000000e+01,468.875,171.5,9.8000000000000000e+01,23.117,449.383,171.5,5.0000000000000000e+01,472.5,171.5,5.0000000000000000e+01,31.257,445.313,171.5,0.0000000000000000e+00,476.57,171.5,0.0000000000000000e+00,24.7950712688,5.56759755003,0:10:28 (H:M:S)
Run-185,41.980118956367029,-1.5292664375152611,4.871289384534121,51.0214511041,46.1240110693,43.25,3.0,30.0,46.6771653543,16.4495,452.445,171.5,9.8000000000000000e+01,468.8945,171.5,9.8000000000000000e+01,24.476,448.219,171.5,5.0000000000000000e+01,472.695,171.5,5.0000000000000000e+01,32.968,443.977,171.5,0.0000000000000000e+00,476.945,171.5,0.0000000000000000e+00,22.7949203021,5.96316398867,0:10:55 (H:M:S)
Run-186,39.130785732853568,-1.9727167109119419,4.4855406455060756,51.0390808191,46.1255952582,43.25,3.0,30.0,46.7242937853,14.664,454.219,171.5,9.8000000000000000e+01,468.883,171.5,9.8000000000000000e+01,21.883,450.492,171.5,5.0000000000000000e+01,472.375,171.5,5.0000000000000000e+01,29.711,446.578,171.5,0.0000000000000000e+00,476.289,171.5,0.0000000000000000e+00,26.5826860671,5.55994726331,0:08:25 (H:M:S)
Run-187,42.699861782707558,-0.89562405588510108,3.6226130549797375,49.0360106466,44.1255952582,43.25,3.0,30.0,44.7892888499,16.789,453.055,171.5,9.8000000000000000e+01,469.844,171.5,9.8000000000000000e+01,22.664,449.953,171.5,5.0000000000000000e+01,472.617,171.5,5.0000000000000000e+01,29.008,446.789,171.5,0.0000000000000000e+00,475.797,171.5,0.0000000000000000e+00,24.3572352494,5.10748107501,0:09:09 (H:M:S)
Run-188,41.636372255552239,-2.6651112611058876,3.6847455114859438,53.026742174,48.1255952582,43.25,3.0,30.0,48.7889182058,16.164,451.688,171.5,9.8000000000000000e+01,467.852,171.5,9.8000000000000000e+01,22.336,448.352,171.5,5.0000000000000000e+01,470.688,171.5,5.0000000000000000e+01,28.789,445.125,171.5,0.0000000000000000e+00,473.914,171.5,0.0000000000000000e+00,20.9606837607,5.10748107501,0:09:12 (H:M:S)
Run-189,40.370682236857569,-1.286155793942422,4.8612662811474223,51.0117292756,45.6835703979,43.25,3.0,30.0,46.6749672346,15.371,453.531,171.5,9.8000000000000000e+01,468.902,171.5,9.8000000000000000e+01,23.422,449.266,171.5,5.0000000000000000e+01,472.688,171.5,5.0000000000000000e+01,31.907,445.031,171.5,0.0000000000000000e+00,476.938,171.5,0.0000000000000000e+00,24.8602849278,5.96356661319,0:11:45 (H:M:S)
Run-190,42.013007533862918,0.97469465676874878,4.8870961045564894,47.0009561753,40.4725061958,43.25,3.0,30.0,40.6815789474,16.4965,455.398,171.5,9.8000000000000000e+01,471.8945,171.5,9.8000000000000000e+01,24.539,451.172,171.5,5.0000000000000000e+01,475.711,171.5,5.0000000000000000e+01,33.047,446.922,171.5,0.0000000000000000e+00,479.969,171.5,0.0000000000000000e+00,28.7791949132,5.96396929188,0:12:02 (H:M:S)
Run-191,39.842007631841497,2.017321004692195,5.665799324294273,43.0393873085,38.1255952582,43.25,3.0,30.0,38.607580252,15.097,457.852,171.5,9.8000000000000000e+01,472.949,171.5,9.8000000000000000e+01,24.672,452.719,171.5,5.0000000000000000e+01,477.391,171.5,5.0000000000000000e+01,34.563,447.773,171.5,0.0000000000000000e+00,482.336,171.5,0.0000000000000000e+00,33.8818943725,6.58635848638,0:08:38 (H:M:S)
Run-192,42.918364987381622,0.46628517637572242,4.1227321385438707,47.0214511041,42.1240110693,43.25,3.0,30.0,42.7630799605,16.92,453.93,171.5,9.8000000000000000e+01,470.85,171.5,9.8000000000000000e+01,23.89,450.133,171.5,5.0000000000000000e+01,474.023,171.5,5.0000000000000000e+01,31.102,446.539,171.5,0.0000000000000000e+00,477.641,171.5,0.0000000000000000e+00,25.9487401716,5.11103109852,0:11:17 (H:M:S)
Run-193,42.028918891147413,2.326658549088978,4.0530680970684623,43.0270525322,38.1255952582,43.25,3.0,30.0,38.7588932806,16.422,456.445,171.5,9.8000000000000000e+01,472.867,171.5,9.8000000000000000e+01,23.07,452.93,171.5,5.0000000000000000e+01,476.0,171.5,5.0000000000000000e+01,30.148,449.391,171.5,0.0000000000000000e+00,479.539,171.5,0.0000000000000000e+00,30.8421138899,5.10819068618,0:09:10 (H:M:S)
Run-194,41.268379666248073,-0.41713429283895503,6.3526005429945691,49.0167588933,44.2002324255,43.25,3.0,30.0,42.9976909561,15.9795,453.953,171.5,9.8000000000000000e+01,469.9325,171.5,9.8000000000000000e+01,26.625,448.352,171.5,5.0000000000000000e+01,474.977,171.5,5.0000000000000000e+01,37.711,442.82,171.5,0.0000000000000000e+00,480.531,171.5,0.0000000000000000e+00,25.8771322669,7.06878014101,0:13:08 (H:M:S)
Run-195,40.269203546250381,2.2845296501810579,5.0974535374017567,43.0289126336,38.1255952582,43.25,3.0,30.0,38.6736842105,15.412,457.5,171.5,9.8000000000000000e+01,472.912,171.5,9.8000000000000000e+01,23.843,453.055,171.5,5.0000000000000000e+01,476.898,171.5,5.0000000000000000e+01,32.719,448.617,171.5,0.0000000000000000e+00,481.336,171.5,0.0000000000000000e+00,32.8500182049,6.01023257206,0:09:38 (H:M:S)
Run-196,37.011540276593607,-0.94422141946160643,5.7251748640306008,49.0378539027,44.1255952582,43.25,3.0,30.0,44.504347275,13.3103333333,456.648,171.5,9.8000000000000000e+01,469.958333333,171.5,9.8000000000000000e+01,22.891,451.578,171.5,5.0000000000000000e+01,474.469,171.5,5.0000000000000000e+01,32.899,446.57,171.5,0.0000000000000000e+00,479.469,171.5,0.0000000000000000e+00,30.8861385813,6.58194465518,0:08:11 (H:M:S)
Run-197,39.495218709321385,2.1550758268238566,5.492946161367823,43.0338557994,38.1255952582,43.25,3.0,30.0,38.6075634481,14.9355,458.0,171.5,9.8000000000000000e+01,472.9355,171.5,9.8000000000000000e+01,23.765,453.469,171.5,5.0000000000000000e+01,477.234,171.5,5.0000000000000000e+01,33.367,448.672,171.5,0.0000000000000000e+00,482.039,171.5,0.0000000000000000e+00,33.970165994,6.59815756776,0:08:59 (H:M:S)
Run-198,45.615258383264539,0.82474361185712008,6.9185647267238295,47.0069907849,40.9555304037,43.25,3.0,30.0,40.9934980494,18.894,452.133,171.5,9.8000000000000000e+01,471.027,171.5,9.8000000000000000e+01,30.118,446.359,171.5,5.0000000000000000e+01,476.477,171.5,5.0000000000000000e+01,42.21,440.313,171.5,0.0000000000000000e+00,482.523,171.5,0.0000000000000000e+00,22.3298488159,7.47318141142,0:12:44 (H:M:S)
Run-199,45.02951545252057,0.47237036970601815,6.2484787769537791,47.0214511041,42.1240110693,43.25,3.0,30.0,41.7517411278,18.586,452.391,171.5,9.8000000000000000e+01,470.977,171.5,9.8000000000000000e+01,28.922,446.984,171.5,5.0000000000000000e+01,475.906,171.5,5.0000000000000000e+01,39.813,441.539,171.5,0.0000000000000000e+00,481.352,171.5,0.0000000000000000e+00,22.7333581309,7.0568071198,0:10:12 (H:M:S)

# Finished,2018-10-13 06:33:20
# Run time,8:45:05 (H:M:S)
