# Command,Expeditor FF_PMC_DO_Analytics.csv --outputDir FF_PMC_DO_Analytics_Expeditor -overwrite -nocollect -np 4 -ntpp 1 --hashed -killflagfile C:/Users/began/AppData/Local/Temp/semuKillFiled12472
# Started,2018-10-13 09:05:25
# Output folder,C:\Users\began\Documents\Product_80\New_Tutorial\FF_PMC_DO\FF_PMC_DO_Analytics\FF_PMC_DO_Analytics_Expeditor

# Assembly File,..\14nmFinFET.zam


Run,2.1.15:thickness,2.1.9:lithography.dimensionalBias.xBias,2.2.9.2.2:materials['/Silicon/'].etchType.taper.sidewallAngle,CD_MAND_DEV,CD_MAND_FIN,SH_MAND_FIN,THK_PADOX_DEP,THK_PADNIT_DEP,Trench_CD,FinCD_Top,FinCD_Top_xStart,FinCD_Top_yStart,FinCD_Top_zStart,FinCD_Top_xEnd,FinCD_Top_yEnd,FinCD_Top_zEnd,FinCD_Mid,FinCD_Mid_xStart,FinCD_Mid_yStart,FinCD_Mid_zStart,FinCD_Mid_xEnd,FinCD_Mid_yEnd,FinCD_Mid_zEnd,FinCD_Bot,FinCD_Bot_xStart,FinCD_Bot_yStart,FinCD_Bot_zStart,FinCD_Bot_xEnd,FinCD_Bot_yEnd,FinCD_Bot_zEnd,GapCD_top,sidewall_angle,Duration
Run-0,35.0,-4.0,3.0,55.04,50.1255952582,43.25,3.0,30.0,50.8348887294,11.68,455.117,171.5,9.8000000000000000e+01,466.797,171.5,9.8000000000000000e+01,16.68,452.375,171.5,5.0000000000000000e+01,469.055,171.5,5.0000000000000000e+01,21.914,449.758,171.5,0.0000000000000000e+00,471.672,171.5,0.0000000000000000e+00,28.5445612083,5.03138083795,0:07:45 (H:M:S)
Run-1,35.0,-4.0,4.0,55.04,50.1255952582,43.25,3.0,30.0,50.7630799605,11.743,455.109,171.5,9.8000000000000000e+01,466.852,171.5,9.8000000000000000e+01,18.461,451.492,171.5,5.0000000000000000e+01,469.953,171.5,5.0000000000000000e+01,25.43,448.0,171.5,0.0000000000000000e+00,473.43,171.5,0.0000000000000000e+00,28.3503129968,5.3047498634,0:07:59 (H:M:S)
Run-2,35.0,-4.0,5.0,55.04,50.1255952582,43.25,3.0,30.0,50.6710526316,11.856,455.07,171.5,9.8000000000000000e+01,466.926,171.5,9.8000000000000000e+01,20.219,450.617,171.5,5.0000000000000000e+01,470.836,171.5,5.0000000000000000e+01,28.954,446.234,171.5,0.0000000000000000e+00,475.188,171.5,0.0000000000000000e+00,28.3211874788,6.11611941154,0:08:45 (H:M:S)
Run-3,35.0,-4.0,6.0,55.04,50.1255952582,43.25,3.0,30.0,50.5023405377,11.92725,455.031,171.5,9.8000000000000000e+01,466.95825,171.5,9.8000000000000000e+01,21.985,449.742,171.5,5.0000000000000000e+01,471.727,171.5,5.0000000000000000e+01,32.461,444.5,171.5,0.0000000000000000e+00,476.961,171.5,0.0000000000000000e+00,28.2852802796,7.00112139442,0:07:48 (H:M:S)
Run-4,35.0,-4.0,7.0,55.04,50.1255952582,43.25,3.0,30.0,48.9934917012,11.985,455.031,171.5,9.8000000000000000e+01,467.016,171.5,9.8000000000000000e+01,23.696,448.859,171.5,5.0000000000000000e+01,472.555,171.5,5.0000000000000000e+01,35.946,442.742,171.5,0.0000000000000000e+00,478.688,171.5,0.0000000000000000e+00,28.257064326,7.91281424441,0:07:55 (H:M:S)
Run-5,35.0,-2.0,3.0,51.04,46.1255952582,43.25,3.0,30.0,46.8348887294,11.68,457.117,171.5,9.8000000000000000e+01,468.797,171.5,9.8000000000000000e+01,16.68,454.375,171.5,5.0000000000000000e+01,471.055,171.5,5.0000000000000000e+01,21.914,451.758,171.5,0.0000000000000000e+00,473.672,171.5,0.0000000000000000e+00,32.5445612083,4.68304700259,0:07:53 (H:M:S)
Run-6,35.0,-2.0,4.0,51.04,46.1255952582,43.25,3.0,30.0,46.7630799605,11.743,457.109,171.5,9.8000000000000000e+01,468.852,171.5,9.8000000000000000e+01,18.461,453.492,171.5,5.0000000000000000e+01,471.953,171.5,5.0000000000000000e+01,25.43,450.0,171.5,0.0000000000000000e+00,475.43,171.5,0.0000000000000000e+00,32.3503129968,5.10641702686,0:08:03 (H:M:S)
Run-7,35.0,-2.0,5.0,51.04,46.1255952582,43.25,3.0,30.0,46.6732571865,11.856,457.07,171.5,9.8000000000000000e+01,468.926,171.5,9.8000000000000000e+01,20.219,452.617,171.5,5.0000000000000000e+01,472.836,171.5,5.0000000000000000e+01,28.954,448.234,171.5,0.0000000000000000e+00,477.188,171.5,0.0000000000000000e+00,32.3211874788,5.9732458796,0:08:41 (H:M:S)
Run-8,35.0,-2.0,6.0,51.04,46.1255952582,43.25,3.0,30.0,46.5023405377,11.9428571429,457.031,171.5,9.8000000000000000e+01,468.973857143,171.5,9.8000000000000000e+01,21.985,451.742,171.5,5.0000000000000000e+01,473.727,171.5,5.0000000000000000e+01,32.461,446.5,171.5,0.0000000000000000e+00,478.961,171.5,0.0000000000000000e+00,32.2852802796,7.00112139442,0:07:46 (H:M:S)
Run-9,35.0,-2.0,7.0,51.04,46.1255952582,43.25,3.0,30.0,44.9934917012,11.985,457.031,171.5,9.8000000000000000e+01,469.016,171.5,9.8000000000000000e+01,23.696,450.859,171.5,5.0000000000000000e+01,474.555,171.5,5.0000000000000000e+01,35.946,444.742,171.5,0.0000000000000000e+00,480.688,171.5,0.0000000000000000e+00,32.2551842889,7.91168329402,0:08:14 (H:M:S)
Run-10,35.0,0.0,3.0,47.04,42.1255952582,43.25,3.0,30.0,42.8348887294,11.68,459.117,171.5,9.8000000000000000e+01,470.797,171.5,9.8000000000000000e+01,16.68,456.375,171.5,5.0000000000000000e+01,473.055,171.5,5.0000000000000000e+01,21.914,453.758,171.5,0.0000000000000000e+00,475.672,171.5,0.0000000000000000e+00,36.5445612083,4.68337854972,0:08:13 (H:M:S)
Run-11,35.0,0.0,4.0,47.04,42.1255952582,43.25,3.0,30.0,42.7629629052,11.743,459.109,171.5,9.8000000000000000e+01,470.852,171.5,9.8000000000000000e+01,18.461,455.492,171.5,5.0000000000000000e+01,473.953,171.5,5.0000000000000000e+01,25.43,452.0,171.5,0.0000000000000000e+00,477.43,171.5,0.0000000000000000e+00,36.3503129968,5.1060624424,0:08:19 (H:M:S)
Run-12,35.0,0.0,5.0,47.04,42.1255952582,43.25,3.0,30.0,42.6710526316,11.856,459.07,171.5,9.8000000000000000e+01,470.926,171.5,9.8000000000000000e+01,20.219,454.617,171.5,5.0000000000000000e+01,474.836,171.5,5.0000000000000000e+01,28.954,450.234,171.5,0.0000000000000000e+00,479.188,171.5,0.0000000000000000e+00,36.3211874788,5.97364986181,0:08:52 (H:M:S)
Run-13,35.0,0.0,6.0,47.04,42.1255952582,43.25,3.0,30.0,42.5522255369,11.9225714286,459.031,171.5,9.8000000000000000e+01,470.953571429,171.5,9.8000000000000000e+01,21.953,453.742,171.5,5.0000000000000000e+01,475.695,171.5,5.0000000000000000e+01,32.438,448.5,171.5,0.0000000000000000e+00,480.938,171.5,0.0000000000000000e+00,36.2852802796,7.00009842289,0:08:04 (H:M:S)
Run-14,35.0,0.0,7.0,47.04,42.1255952582,43.25,3.0,30.0,40.9934895833,11.985,459.031,171.5,9.8000000000000000e+01,471.016,171.5,9.8000000000000000e+01,23.696,452.859,171.5,5.0000000000000000e+01,476.555,171.5,5.0000000000000000e+01,35.946,446.742,171.5,0.0000000000000000e+00,482.688,171.5,0.0000000000000000e+00,36.2551842889,7.91168329402,0:08:04 (H:M:S)
Run-15,35.0,2.0,3.0,43.04,38.1255952582,43.25,3.0,30.0,38.8348887294,11.68,461.117,171.5,9.8000000000000000e+01,472.797,171.5,9.8000000000000000e+01,16.68,458.375,171.5,5.0000000000000000e+01,475.055,171.5,5.0000000000000000e+01,21.914,455.758,171.5,0.0000000000000000e+00,477.672,171.5,0.0000000000000000e+00,40.5445612083,4.68337854972,0:07:42 (H:M:S)
Run-16,35.0,2.0,4.0,43.04,38.1255952582,43.25,3.0,30.0,38.7630799605,11.743,461.109,171.5,9.8000000000000000e+01,472.852,171.5,9.8000000000000000e+01,18.461,457.492,171.5,5.0000000000000000e+01,475.953,171.5,5.0000000000000000e+01,25.43,454.0,171.5,0.0000000000000000e+00,479.43,171.5,0.0000000000000000e+00,40.3503129968,5.10641702686,0:08:06 (H:M:S)
Run-17,35.0,2.0,5.0,43.04,38.1255952582,43.25,3.0,30.0,38.6732571865,11.856,461.07,171.5,9.8000000000000000e+01,472.926,171.5,9.8000000000000000e+01,20.219,456.617,171.5,5.0000000000000000e+01,476.836,171.5,5.0000000000000000e+01,28.954,452.234,171.5,0.0000000000000000e+00,481.188,171.5,0.0000000000000000e+00,40.3211874788,5.9732458796,0:08:37 (H:M:S)
Run-18,35.0,2.0,6.0,43.04,38.1255952582,43.25,3.0,30.0,38.5023405377,11.883,461.031,171.5,9.8000000000000000e+01,472.914,171.5,9.8000000000000000e+01,21.985,455.742,171.5,5.0000000000000000e+01,477.727,171.5,5.0000000000000000e+01,32.461,450.5,171.5,0.0000000000000000e+00,482.961,171.5,0.0000000000000000e+00,40.2852802796,7.00060987147,0:07:40 (H:M:S)
Run-19,35.0,2.0,7.0,43.04,38.1255952582,43.25,3.0,30.0,36.9934917012,11.985,461.031,171.5,9.8000000000000000e+01,473.016,171.5,9.8000000000000000e+01,23.696,454.859,171.5,5.0000000000000000e+01,478.555,171.5,5.0000000000000000e+01,35.946,448.742,171.5,0.0000000000000000e+00,484.688,171.5,0.0000000000000000e+00,40.2551842889,NOVAL,0:07:59 (H:M:S)
Run-20,35.0,4.0,3.0,39.04,34.1255952582,43.25,3.0,30.0,34.8348887294,11.68,463.117,171.5,9.8000000000000000e+01,474.797,171.5,9.8000000000000000e+01,16.68,460.375,171.5,5.0000000000000000e+01,477.055,171.5,5.0000000000000000e+01,21.914,457.758,171.5,0.0000000000000000e+00,479.672,171.5,0.0000000000000000e+00,44.5445612083,4.68304700259,0:07:40 (H:M:S)
Run-21,35.0,4.0,4.0,39.04,34.1255952582,43.25,3.0,30.0,34.7630799605,11.743,463.109,171.5,9.8000000000000000e+01,474.852,171.5,9.8000000000000000e+01,18.461,459.492,171.5,5.0000000000000000e+01,477.953,171.5,5.0000000000000000e+01,25.43,456.0,171.5,0.0000000000000000e+00,481.43,171.5,0.0000000000000000e+00,44.3503129968,5.10677166044,0:07:51 (H:M:S)
Run-22,35.0,4.0,5.0,39.04,34.1255952582,43.25,3.0,30.0,34.6721534568,11.856,463.07,171.5,9.8000000000000000e+01,474.926,171.5,9.8000000000000000e+01,20.219,458.617,171.5,5.0000000000000000e+01,478.836,171.5,5.0000000000000000e+01,28.954,454.234,171.5,0.0000000000000000e+00,483.188,171.5,0.0000000000000000e+00,44.3211874788,5.97486213515,0:08:34 (H:M:S)
Run-23,35.0,4.0,6.0,39.04,34.1255952582,43.25,3.0,30.0,34.5023405377,11.9456666667,463.031,171.5,9.8000000000000000e+01,474.976666667,171.5,9.8000000000000000e+01,21.985,457.742,171.5,5.0000000000000000e+01,479.727,171.5,5.0000000000000000e+01,32.461,452.5,171.5,0.0000000000000000e+00,484.961,171.5,0.0000000000000000e+00,44.2852802796,NOVAL,0:07:44 (H:M:S)
Run-24,35.0,4.0,7.0,39.04,34.1255952582,43.25,3.0,30.0,32.9934917012,11.985,463.031,171.5,9.8000000000000000e+01,475.016,171.5,9.8000000000000000e+01,23.696,456.859,171.5,5.0000000000000000e+01,480.555,171.5,5.0000000000000000e+01,35.946,450.742,171.5,0.0000000000000000e+00,486.688,171.5,0.0000000000000000e+00,44.2551842889,NOVAL,0:07:57 (H:M:S)
Run-25,37.5,-4.0,3.0,55.04,50.1255952582,43.25,3.0,30.0,50.8334529792,13.512,453.293,171.5,9.8000000000000000e+01,466.805,171.5,9.8000000000000000e+01,18.25,450.813,171.5,5.0000000000000000e+01,469.063,171.5,5.0000000000000000e+01,23.508,448.18,171.5,0.0000000000000000e+00,471.688,171.5,0.0000000000000000e+00,24.8449498152,5.03181123792,0:08:02 (H:M:S)
Run-26,37.5,-4.0,4.0,55.04,50.1255952582,43.25,3.0,30.0,50.7628458498,13.5355,453.32,171.5,9.8000000000000000e+01,466.8555,171.5,9.8000000000000000e+01,20.016,449.945,171.5,5.0000000000000000e+01,469.961,171.5,5.0000000000000000e+01,26.985,446.453,171.5,0.0000000000000000e+00,473.438,171.5,0.0000000000000000e+00,24.7761953933,5.30517501922,0:08:11 (H:M:S)
Run-27,37.5,-4.0,5.0,55.04,50.1255952582,43.25,3.0,30.0,50.672823219,13.563,453.359,171.5,9.8000000000000000e+01,466.922,171.5,9.8000000000000000e+01,21.781,449.063,171.5,5.0000000000000000e+01,470.844,171.5,5.0000000000000000e+01,30.484,444.711,171.5,0.0000000000000000e+00,475.195,171.5,0.0000000000000000e+00,24.7100066903,6.15376518757,0:08:32 (H:M:S)
Run-28,37.5,-4.0,6.0,55.04,50.1255952582,43.25,3.0,30.0,50.5033251115,13.685,453.289,171.5,9.8000000000000000e+01,466.974,171.5,9.8000000000000000e+01,23.523,448.18,171.5,5.0000000000000000e+01,471.703,171.5,5.0000000000000000e+01,33.977,442.961,171.5,0.0000000000000000e+00,476.938,171.5,0.0000000000000000e+00,24.6703979755,6.99907574878,0:08:31 (H:M:S)
Run-29,37.5,-4.0,7.0,55.04,50.1255952582,43.25,3.0,30.0,48.9921875,13.789,453.234,171.5,9.8000000000000000e+01,467.023,171.5,9.8000000000000000e+01,25.25,447.313,171.5,5.0000000000000000e+01,472.563,171.5,5.0000000000000000e+01,37.507,441.188,171.5,0.0000000000000000e+00,478.695,171.5,0.0000000000000000e+00,24.5310696429,7.91055266482,0:08:08 (H:M:S)
Run-30,37.5,-2.0,3.0,51.04,46.1255952582,43.25,3.0,30.0,46.8334529792,13.512,455.293,171.5,9.8000000000000000e+01,468.805,171.5,9.8000000000000000e+01,18.25,452.813,171.5,5.0000000000000000e+01,471.063,171.5,5.0000000000000000e+01,23.508,450.18,171.5,0.0000000000000000e+00,473.688,171.5,0.0000000000000000e+00,28.8449498152,4.68337854972,0:08:15 (H:M:S)
Run-31,37.5,-2.0,4.0,51.04,46.1255952582,43.25,3.0,30.0,46.7628458498,13.532,455.32,171.5,9.8000000000000000e+01,468.852,171.5,9.8000000000000000e+01,20.016,451.945,171.5,5.0000000000000000e+01,471.961,171.5,5.0000000000000000e+01,26.985,448.453,171.5,0.0000000000000000e+00,475.438,171.5,0.0000000000000000e+00,28.7761953933,5.10570790705,0:08:21 (H:M:S)
Run-32,37.5,-2.0,5.0,51.04,46.1255952582,43.25,3.0,30.0,46.6717212274,13.571,455.359,171.5,9.8000000000000000e+01,468.93,171.5,9.8000000000000000e+01,21.781,451.063,171.5,5.0000000000000000e+01,472.844,171.5,5.0000000000000000e+01,30.484,446.711,171.5,0.0000000000000000e+00,477.195,171.5,0.0000000000000000e+00,28.7100066903,6.00737124717,0:08:37 (H:M:S)
Run-33,37.5,-2.0,6.0,51.04,46.1255952582,43.25,3.0,30.0,46.5033251115,13.68,455.289,171.5,9.8000000000000000e+01,468.969,171.5,9.8000000000000000e+01,23.523,450.18,171.5,5.0000000000000000e+01,473.703,171.5,5.0000000000000000e+01,33.977,444.961,171.5,0.0000000000000000e+00,478.938,171.5,0.0000000000000000e+00,28.6703979755,7.00163299175,0:08:37 (H:M:S)
Run-34,37.5,-2.0,7.0,51.04,46.1255952582,43.25,3.0,30.0,44.9921875,13.789,455.234,171.5,9.8000000000000000e+01,469.023,171.5,9.8000000000000000e+01,25.25,449.313,171.5,5.0000000000000000e+01,474.563,171.5,5.0000000000000000e+01,37.507,443.188,171.5,0.0000000000000000e+00,480.695,171.5,0.0000000000000000e+00,28.5310696429,7.91224872906,0:08:18 (H:M:S)
Run-35,37.5,0.0,3.0,47.04,42.1255952582,43.25,3.0,30.0,42.8334529792,13.508,457.297,171.5,9.8000000000000000e+01,470.805,171.5,9.8000000000000000e+01,18.25,454.813,171.5,5.0000000000000000e+01,473.063,171.5,5.0000000000000000e+01,23.508,452.18,171.5,0.0000000000000000e+00,475.688,171.5,0.0000000000000000e+00,32.8449498152,4.68337854972,0:08:26 (H:M:S)
Run-36,37.5,0.0,4.0,47.04,42.1255952582,43.25,3.0,30.0,42.7628458498,13.532,457.32,171.5,9.8000000000000000e+01,470.852,171.5,9.8000000000000000e+01,20.016,453.945,171.5,5.0000000000000000e+01,473.961,171.5,5.0000000000000000e+01,26.985,450.453,171.5,0.0000000000000000e+00,477.438,171.5,0.0000000000000000e+00,32.7761953933,5.10570790705,0:08:37 (H:M:S)
Run-37,37.5,0.0,5.0,47.04,42.1255952582,43.25,3.0,30.0,42.672823219,13.563,457.359,171.5,9.8000000000000000e+01,470.922,171.5,9.8000000000000000e+01,21.781,453.063,171.5,5.0000000000000000e+01,474.844,171.5,5.0000000000000000e+01,30.484,448.711,171.5,0.0000000000000000e+00,479.195,171.5,0.0000000000000000e+00,32.7100066903,6.00737124717,0:08:55 (H:M:S)
Run-38,37.5,0.0,6.0,47.04,42.1255952582,43.25,3.0,30.0,42.5033251115,13.685,457.289,171.5,9.8000000000000000e+01,470.974,171.5,9.8000000000000000e+01,23.523,452.18,171.5,5.0000000000000000e+01,475.703,171.5,5.0000000000000000e+01,33.977,446.961,171.5,0.0000000000000000e+00,480.938,171.5,0.0000000000000000e+00,32.6703979755,7.00112139442,0:08:53 (H:M:S)
Run-39,37.5,0.0,7.0,47.04,42.1255952582,43.25,3.0,30.0,40.9921875,13.789,457.234,171.5,9.8000000000000000e+01,471.023,171.5,9.8000000000000000e+01,25.25,451.313,171.5,5.0000000000000000e+01,476.563,171.5,5.0000000000000000e+01,37.507,445.188,171.5,0.0000000000000000e+00,482.695,171.5,0.0000000000000000e+00,32.5310696429,7.91168329402,0:08:37 (H:M:S)
Run-40,37.5,2.0,3.0,43.04,38.1255952582,43.25,3.0,30.0,38.8334529792,13.516,459.289,171.5,9.8000000000000000e+01,472.805,171.5,9.8000000000000000e+01,18.25,456.813,171.5,5.0000000000000000e+01,475.063,171.5,5.0000000000000000e+01,23.508,454.18,171.5,0.0000000000000000e+00,477.688,171.5,0.0000000000000000e+00,36.8449498152,4.68304700259,0:08:16 (H:M:S)
Run-41,37.5,2.0,4.0,43.04,38.1255952582,43.25,3.0,30.0,38.7628458498,13.532,459.32,171.5,9.8000000000000000e+01,472.852,171.5,9.8000000000000000e+01,20.016,455.945,171.5,5.0000000000000000e+01,475.961,171.5,5.0000000000000000e+01,26.985,452.453,171.5,0.0000000000000000e+00,479.438,171.5,0.0000000000000000e+00,36.7761953933,5.10677166044,0:08:27 (H:M:S)
Run-42,37.5,2.0,5.0,43.04,38.1255952582,43.25,3.0,30.0,38.6717212274,13.563,459.359,171.5,9.8000000000000000e+01,472.922,171.5,9.8000000000000000e+01,21.781,455.063,171.5,5.0000000000000000e+01,476.844,171.5,5.0000000000000000e+01,30.484,450.711,171.5,0.0000000000000000e+00,481.195,171.5,0.0000000000000000e+00,36.7100066903,6.00777984167,0:08:45 (H:M:S)
Run-43,37.5,2.0,6.0,43.04,38.1255952582,43.25,3.0,30.0,38.5018483677,13.68,459.289,171.5,9.8000000000000000e+01,472.969,171.5,9.8000000000000000e+01,23.523,454.18,171.5,5.0000000000000000e+01,477.703,171.5,5.0000000000000000e+01,33.977,448.961,171.5,0.0000000000000000e+00,482.938,171.5,0.0000000000000000e+00,36.6703979755,7.00265640964,0:08:37 (H:M:S)
Run-44,37.5,2.0,7.0,43.04,38.1255952582,43.25,3.0,30.0,36.9921875,13.789,459.234,171.5,9.8000000000000000e+01,473.023,171.5,9.8000000000000000e+01,25.25,453.313,171.5,5.0000000000000000e+01,478.563,171.5,5.0000000000000000e+01,37.507,447.188,171.5,0.0000000000000000e+00,484.695,171.5,0.0000000000000000e+00,36.5310696429,NOVAL,0:08:20 (H:M:S)
Run-45,37.5,4.0,3.0,39.04,34.1255952582,43.25,3.0,30.0,34.8334529792,13.512,461.293,171.5,9.8000000000000000e+01,474.805,171.5,9.8000000000000000e+01,18.25,458.813,171.5,5.0000000000000000e+01,477.063,171.5,5.0000000000000000e+01,23.508,456.18,171.5,0.0000000000000000e+00,479.688,171.5,0.0000000000000000e+00,40.8449498152,4.68304700259,0:08:03 (H:M:S)
Run-46,37.5,4.0,4.0,39.04,34.1255952582,43.25,3.0,30.0,34.7628458498,13.5355,461.32,171.5,9.8000000000000000e+01,474.8555,171.5,9.8000000000000000e+01,20.016,457.945,171.5,5.0000000000000000e+01,477.961,171.5,5.0000000000000000e+01,26.985,454.453,171.5,0.0000000000000000e+00,481.438,171.5,0.0000000000000000e+00,40.7761953933,5.10677166044,0:08:12 (H:M:S)
Run-47,37.5,4.0,5.0,39.04,34.1255952582,43.25,3.0,30.0,34.672823219,13.563,461.359,171.5,9.8000000000000000e+01,474.922,171.5,9.8000000000000000e+01,21.781,457.063,171.5,5.0000000000000000e+01,478.844,171.5,5.0000000000000000e+01,30.484,452.711,171.5,0.0000000000000000e+00,483.195,171.5,0.0000000000000000e+00,40.7100066903,6.00737124717,0:08:27 (H:M:S)
Run-48,37.5,4.0,6.0,39.04,34.1255952582,43.25,3.0,30.0,34.5033251115,13.6825,461.289,171.5,9.8000000000000000e+01,474.9715,171.5,9.8000000000000000e+01,23.523,456.18,171.5,5.0000000000000000e+01,479.703,171.5,5.0000000000000000e+01,33.977,450.961,171.5,0.0000000000000000e+00,484.938,171.5,0.0000000000000000e+00,40.6703979755,NOVAL,0:08:23 (H:M:S)
Run-49,37.5,4.0,7.0,39.04,34.1255952582,43.25,3.0,30.0,32.9921875,13.789,461.234,171.5,9.8000000000000000e+01,475.023,171.5,9.8000000000000000e+01,25.25,455.313,171.5,5.0000000000000000e+01,480.563,171.5,5.0000000000000000e+01,37.507,449.188,171.5,0.0000000000000000e+00,486.695,171.5,0.0000000000000000e+00,40.5310696429,NOVAL,0:08:02 (H:M:S)
Run-50,40.0,-4.0,3.0,55.04,50.1255952582,43.25,3.0,30.0,50.8334529792,14.938,451.867,171.5,9.8000000000000000e+01,466.805,171.5,9.8000000000000000e+01,20.055,449.008,171.5,5.0000000000000000e+01,469.063,171.5,5.0000000000000000e+01,25.305,446.383,171.5,0.0000000000000000e+00,471.688,171.5,0.0000000000000000e+00,20.99356382,5.03224171134,0:07:50 (H:M:S)
Run-51,40.0,-4.0,4.0,55.04,50.1255952582,43.25,3.0,30.0,50.762611276,15.039,451.82,171.5,9.8000000000000000e+01,466.859,171.5,9.8000000000000000e+01,21.852,448.109,171.5,5.0000000000000000e+01,469.961,171.5,5.0000000000000000e+01,28.812,444.633,171.5,0.0000000000000000e+00,473.445,171.5,0.0000000000000000e+00,20.9913860611,5.25255199408,0:08:19 (H:M:S)
Run-52,40.0,-4.0,5.0,55.04,50.1255952582,43.25,3.0,30.0,50.6763157895,15.137,451.773,171.5,9.8000000000000000e+01,466.91,171.5,9.8000000000000000e+01,23.586,447.227,171.5,5.0000000000000000e+01,470.813,171.5,5.0000000000000000e+01,32.281,442.883,171.5,0.0000000000000000e+00,475.164,171.5,0.0000000000000000e+00,20.9749157521,6.11796768892,0:08:51 (H:M:S)
Run-53,40.0,-4.0,6.0,55.04,50.1255952582,43.25,3.0,30.0,50.5043058136,15.1768888889,451.734,171.5,9.8000000000000000e+01,466.910888889,171.5,9.8000000000000000e+01,25.343,446.352,171.5,5.0000000000000000e+01,471.695,171.5,5.0000000000000000e+01,35.829,441.109,171.5,0.0000000000000000e+00,476.938,171.5,0.0000000000000000e+00,20.9401477597,6.99907574878,0:08:45 (H:M:S)
Run-54,40.0,-4.0,7.0,55.04,50.1255952582,43.25,3.0,30.0,48.992192583,15.335,451.688,171.5,9.8000000000000000e+01,467.023,171.5,9.8000000000000000e+01,27.063,445.492,171.5,5.0000000000000000e+01,472.555,171.5,5.0000000000000000e+01,39.329,439.359,171.5,0.0000000000000000e+00,478.688,171.5,0.0000000000000000e+00,20.8878004638,7.91224872906,0:08:33 (H:M:S)
Run-55,40.0,-2.0,3.0,51.04,46.1255952582,43.25,3.0,30.0,46.8334529792,14.938,453.867,171.5,9.8000000000000000e+01,468.805,171.5,9.8000000000000000e+01,20.055,451.008,171.5,5.0000000000000000e+01,471.063,171.5,5.0000000000000000e+01,25.305,448.383,171.5,0.0000000000000000e+00,473.688,171.5,0.0000000000000000e+00,24.9947950553,4.68337854972,0:07:45 (H:M:S)
Run-56,40.0,-2.0,4.0,51.04,46.1255952582,43.25,3.0,30.0,46.762611276,15.039,453.82,171.5,9.8000000000000000e+01,468.859,171.5,9.8000000000000000e+01,21.852,450.109,171.5,5.0000000000000000e+01,471.961,171.5,5.0000000000000000e+01,28.812,446.633,171.5,0.0000000000000000e+00,475.445,171.5,0.0000000000000000e+00,24.9906029757,5.10499898364,0:08:12 (H:M:S)
Run-57,40.0,-2.0,5.0,51.04,46.1255952582,43.25,3.0,30.0,46.6763157895,15.137,453.773,171.5,9.8000000000000000e+01,468.91,171.5,9.8000000000000000e+01,23.586,449.227,171.5,5.0000000000000000e+01,472.813,171.5,5.0000000000000000e+01,32.281,444.883,171.5,0.0000000000000000e+00,477.164,171.5,0.0000000000000000e+00,24.9750555864,5.97526633522,0:08:43 (H:M:S)
Run-58,40.0,-2.0,6.0,51.04,46.1255952582,43.25,3.0,30.0,46.502831004,15.1715,453.742,171.5,9.8000000000000000e+01,468.9135,171.5,9.8000000000000000e+01,25.343,448.352,171.5,5.0000000000000000e+01,473.695,171.5,5.0000000000000000e+01,35.829,443.109,171.5,0.0000000000000000e+00,478.938,171.5,0.0000000000000000e+00,24.9392766314,7.00112139442,0:08:36 (H:M:S)
Run-59,40.0,-2.0,7.0,51.04,46.1255952582,43.25,3.0,30.0,44.992192583,15.335,453.688,171.5,9.8000000000000000e+01,469.023,171.5,9.8000000000000000e+01,27.063,447.492,171.5,5.0000000000000000e+01,474.555,171.5,5.0000000000000000e+01,39.329,441.359,171.5,0.0000000000000000e+00,480.688,171.5,0.0000000000000000e+00,24.8865630092,7.47751079732,0:08:28 (H:M:S)
Run-60,40.0,0.0,3.0,47.04,42.1255952582,43.25,3.0,30.0,42.8334529792,14.938,455.867,171.5,9.8000000000000000e+01,470.805,171.5,9.8000000000000000e+01,20.055,453.008,171.5,5.0000000000000000e+01,473.063,171.5,5.0000000000000000e+01,25.297,450.383,171.5,0.0000000000000000e+00,475.68,171.5,0.0000000000000000e+00,28.99356382,4.68337854972,0:07:55 (H:M:S)
Run-61,40.0,0.0,4.0,47.04,42.1255952582,43.25,3.0,30.0,42.762611276,15.039,455.82,171.5,9.8000000000000000e+01,470.859,171.5,9.8000000000000000e+01,21.852,452.109,171.5,5.0000000000000000e+01,473.961,171.5,5.0000000000000000e+01,28.812,448.633,171.5,0.0000000000000000e+00,477.445,171.5,0.0000000000000000e+00,28.9913860611,5.1053534208,0:08:26 (H:M:S)
Run-62,40.0,0.0,5.0,47.04,42.1255952582,43.25,3.0,30.0,42.6752143993,15.141,455.773,171.5,9.8000000000000000e+01,470.914,171.5,9.8000000000000000e+01,23.586,451.227,171.5,5.0000000000000000e+01,474.813,171.5,5.0000000000000000e+01,32.281,446.883,171.5,0.0000000000000000e+00,479.164,171.5,0.0000000000000000e+00,28.9750555864,5.97567058978,0:08:58 (H:M:S)
Run-63,40.0,0.0,6.0,47.04,42.1255952582,43.25,3.0,30.0,42.5043058136,15.1714285714,455.742,171.5,9.8000000000000000e+01,470.913428571,171.5,9.8000000000000000e+01,25.343,450.352,171.5,5.0000000000000000e+01,475.695,171.5,5.0000000000000000e+01,35.829,445.109,171.5,0.0000000000000000e+00,480.938,171.5,0.0000000000000000e+00,28.9422762448,7.00112139442,0:08:38 (H:M:S)
Run-64,40.0,0.0,7.0,47.04,42.1255952582,43.25,3.0,30.0,40.992192583,15.335,455.688,171.5,9.8000000000000000e+01,471.023,171.5,9.8000000000000000e+01,27.063,449.492,171.5,5.0000000000000000e+01,476.555,171.5,5.0000000000000000e+01,39.329,443.359,171.5,0.0000000000000000e+00,482.688,171.5,0.0000000000000000e+00,28.8888321396,7.91224872906,0:08:44 (H:M:S)
Run-65,40.0,2.0,3.0,43.04,38.1255952582,43.25,3.0,30.0,38.8334529792,14.93,457.875,171.5,9.8000000000000000e+01,472.805,171.5,9.8000000000000000e+01,20.055,455.008,171.5,5.0000000000000000e+01,475.063,171.5,5.0000000000000000e+01,25.305,452.383,171.5,0.0000000000000000e+00,477.688,171.5,0.0000000000000000e+00,32.9947950553,4.6837101437,0:08:04 (H:M:S)
Run-66,40.0,2.0,4.0,43.04,38.1255952582,43.25,3.0,30.0,38.762611276,15.031,457.828,171.5,9.8000000000000000e+01,472.859,171.5,9.8000000000000000e+01,21.852,454.109,171.5,5.0000000000000000e+01,475.961,171.5,5.0000000000000000e+01,28.812,450.633,171.5,0.0000000000000000e+00,479.445,171.5,0.0000000000000000e+00,32.9906029757,5.10464459555,0:08:25 (H:M:S)
Run-67,40.0,2.0,5.0,43.04,38.1255952582,43.25,3.0,30.0,38.6752143993,15.131,457.781,171.5,9.8000000000000000e+01,472.912,171.5,9.8000000000000000e+01,23.586,453.227,171.5,5.0000000000000000e+01,476.813,171.5,5.0000000000000000e+01,32.281,448.883,171.5,0.0000000000000000e+00,481.164,171.5,0.0000000000000000e+00,32.9750555864,5.97486213515,0:08:58 (H:M:S)
Run-68,40.0,2.0,6.0,43.04,38.1255952582,43.25,3.0,30.0,38.502831004,15.158,457.75,171.5,9.8000000000000000e+01,472.908,171.5,9.8000000000000000e+01,25.343,452.352,171.5,5.0000000000000000e+01,477.695,171.5,5.0000000000000000e+01,35.829,447.109,171.5,0.0000000000000000e+00,482.938,171.5,0.0000000000000000e+00,32.9412026726,7.00112139442,0:08:39 (H:M:S)
Run-69,40.0,2.0,7.0,43.04,38.1255952582,43.25,3.0,30.0,36.992192583,15.328,457.695,171.5,9.8000000000000000e+01,473.023,171.5,9.8000000000000000e+01,27.063,451.492,171.5,5.0000000000000000e+01,478.555,171.5,5.0000000000000000e+01,39.329,445.359,171.5,0.0000000000000000e+00,484.688,171.5,0.0000000000000000e+00,32.8887602793,NOVAL,0:08:44 (H:M:S)
Run-70,40.0,4.0,3.0,39.04,34.1255952582,43.25,3.0,30.0,34.8334529792,14.938,459.867,171.5,9.8000000000000000e+01,474.805,171.5,9.8000000000000000e+01,20.055,457.008,171.5,5.0000000000000000e+01,477.063,171.5,5.0000000000000000e+01,25.305,454.383,171.5,0.0000000000000000e+00,479.688,171.5,0.0000000000000000e+00,36.99356382,4.68337854972,0:07:54 (H:M:S)
Run-71,40.0,4.0,4.0,39.04,34.1255952582,43.25,3.0,30.0,34.762611276,15.039,459.82,171.5,9.8000000000000000e+01,474.859,171.5,9.8000000000000000e+01,21.852,456.109,171.5,5.0000000000000000e+01,477.961,171.5,5.0000000000000000e+01,28.812,452.633,171.5,0.0000000000000000e+00,481.445,171.5,0.0000000000000000e+00,36.9913860611,5.10499898364,0:08:20 (H:M:S)
Run-72,40.0,4.0,5.0,39.04,34.1255952582,43.25,3.0,30.0,34.6763157895,15.137,459.773,171.5,9.8000000000000000e+01,474.91,171.5,9.8000000000000000e+01,23.586,455.227,171.5,5.0000000000000000e+01,478.813,171.5,5.0000000000000000e+01,32.281,450.883,171.5,0.0000000000000000e+00,483.164,171.5,0.0000000000000000e+00,36.9750555864,5.97567058978,0:08:56 (H:M:S)
Run-73,40.0,4.0,6.0,39.04,34.1255952582,43.25,3.0,30.0,34.5043058136,15.1697777778,459.742,171.5,9.8000000000000000e+01,474.911777778,171.5,9.8000000000000000e+01,25.343,454.352,171.5,5.0000000000000000e+01,479.695,171.5,5.0000000000000000e+01,35.829,449.109,171.5,0.0000000000000000e+00,484.938,171.5,0.0000000000000000e+00,36.9422762448,NOVAL,0:08:32 (H:M:S)
Run-74,40.0,4.0,7.0,39.04,34.1255952582,43.25,3.0,30.0,32.992192583,15.335,459.688,171.5,9.8000000000000000e+01,475.023,171.5,9.8000000000000000e+01,27.063,453.492,171.5,5.0000000000000000e+01,480.555,171.5,5.0000000000000000e+01,39.329,447.359,171.5,0.0000000000000000e+00,486.688,171.5,0.0000000000000000e+00,36.8888321396,NOVAL,0:08:30 (H:M:S)
Run-75,42.5,-4.0,3.0,55.04,50.1255952582,43.25,3.0,30.0,50.8334529792,16.719,450.086,171.5,9.8000000000000000e+01,466.805,171.5,9.8000000000000000e+01,21.297,447.766,171.5,5.0000000000000000e+01,469.063,171.5,5.0000000000000000e+01,26.547,445.133,171.5,0.0000000000000000e+00,471.68,171.5,0.0000000000000000e+00,18.7527170509,5.03181123792,0:09:02 (H:M:S)
Run-76,42.5,-4.0,4.0,55.04,50.1255952582,43.25,3.0,30.0,50.7608695652,16.804,450.055,171.5,9.8000000000000000e+01,466.859,171.5,9.8000000000000000e+01,23.063,446.898,171.5,5.0000000000000000e+01,469.961,171.5,5.0000000000000000e+01,30.047,443.398,171.5,0.0000000000000000e+00,473.445,171.5,0.0000000000000000e+00,18.5329307658,5.25171848582,0:09:02 (H:M:S)
Run-77,42.5,-4.0,5.0,55.04,50.1255952582,43.25,3.0,30.0,50.6785243742,16.879,450.023,171.5,9.8000000000000000e+01,466.902,171.5,9.8000000000000000e+01,24.797,446.016,171.5,5.0000000000000000e+01,470.813,171.5,5.0000000000000000e+01,33.516,441.648,171.5,0.0000000000000000e+00,475.164,171.5,0.0000000000000000e+00,18.34183689,6.15610413458,0:09:18 (H:M:S)
Run-78,42.5,-4.0,6.0,55.04,50.1255952582,43.25,3.0,30.0,50.5043061782,16.914,450.031,171.5,9.8000000000000000e+01,466.945,171.5,9.8000000000000000e+01,26.554,445.141,171.5,5.0000000000000000e+01,471.695,171.5,5.0000000000000000e+01,37.024,439.914,171.5,0.0000000000000000e+00,476.938,171.5,0.0000000000000000e+00,18.3280383359,7.00163299175,0:09:16 (H:M:S)
Run-79,42.5,-4.0,7.0,55.04,50.1255952582,43.25,3.0,30.0,48.9934938191,16.993,450.023,171.5,9.8000000000000000e+01,467.016,171.5,9.8000000000000000e+01,28.281,444.266,171.5,5.0000000000000000e+01,472.547,171.5,5.0000000000000000e+01,40.532,438.148,171.5,0.0000000000000000e+00,478.68,171.5,0.0000000000000000e+00,18.2988190283,7.47859392324,0:09:24 (H:M:S)
Run-80,42.5,-2.0,3.0,51.04,46.1255952582,43.25,3.0,30.0,46.8334529792,16.711,452.094,171.5,9.8000000000000000e+01,468.805,171.5,9.8000000000000000e+01,21.297,449.766,171.5,5.0000000000000000e+01,471.063,171.5,5.0000000000000000e+01,26.547,447.133,171.5,0.0000000000000000e+00,473.68,171.5,0.0000000000000000e+00,22.750983685,4.23639479906,0:08:59 (H:M:S)
Run-81,42.5,-2.0,4.0,51.04,46.1255952582,43.25,3.0,30.0,46.7608695652,16.804,452.055,171.5,9.8000000000000000e+01,468.859,171.5,9.8000000000000000e+01,23.063,448.898,171.5,5.0000000000000000e+01,471.961,171.5,5.0000000000000000e+01,30.054,445.391,171.5,0.0000000000000000e+00,475.445,171.5,0.0000000000000000e+00,22.5329307658,5.10464459555,0:08:52 (H:M:S)
Run-82,42.5,-2.0,5.0,51.04,46.1255952582,43.25,3.0,30.0,46.6763157895,16.8735,452.023,171.5,9.8000000000000000e+01,468.8965,171.5,9.8000000000000000e+01,24.797,448.016,171.5,5.0000000000000000e+01,472.813,171.5,5.0000000000000000e+01,33.516,443.648,171.5,0.0000000000000000e+00,477.164,171.5,0.0000000000000000e+00,22.34183689,5.97607489885,0:09:18 (H:M:S)
Run-83,42.5,-2.0,6.0,51.04,46.1255952582,43.25,3.0,30.0,46.5043058136,16.8804545455,452.031,171.5,9.8000000000000000e+01,468.911454545,171.5,9.8000000000000000e+01,26.554,447.141,171.5,5.0000000000000000e+01,473.695,171.5,5.0000000000000000e+01,37.024,441.914,171.5,0.0000000000000000e+00,478.938,171.5,0.0000000000000000e+00,22.3280383359,6.99856452321,0:09:05 (H:M:S)
Run-84,42.5,-2.0,7.0,51.04,46.1255952582,43.25,3.0,30.0,44.9934938191,16.993,452.023,171.5,9.8000000000000000e+01,469.016,171.5,9.8000000000000000e+01,28.281,446.266,171.5,5.0000000000000000e+01,474.547,171.5,5.0000000000000000e+01,40.532,440.148,171.5,0.0000000000000000e+00,480.68,171.5,0.0000000000000000e+00,22.2988190283,7.91224872906,0:08:58 (H:M:S)
Run-85,42.5,0.0,3.0,47.04,42.1255952582,43.25,3.0,30.0,42.8334529792,16.715,454.09,171.5,9.8000000000000000e+01,470.805,171.5,9.8000000000000000e+01,21.297,451.766,171.5,5.0000000000000000e+01,473.063,171.5,5.0000000000000000e+01,26.547,449.133,171.5,0.0000000000000000e+00,475.68,171.5,0.0000000000000000e+00,26.750983685,4.6837101437,0:09:13 (H:M:S)
Run-86,42.5,0.0,4.0,47.04,42.1255952582,43.25,3.0,30.0,42.7608695652,16.804,454.055,171.5,9.8000000000000000e+01,470.859,171.5,9.8000000000000000e+01,23.063,450.898,171.5,5.0000000000000000e+01,473.961,171.5,5.0000000000000000e+01,30.054,447.391,171.5,0.0000000000000000e+00,477.445,171.5,0.0000000000000000e+00,26.5329307658,5.1053534208,0:09:01 (H:M:S)
Run-87,42.5,0.0,5.0,47.04,42.1255952582,43.25,3.0,30.0,42.6763157895,16.883,454.023,171.5,9.8000000000000000e+01,470.906,171.5,9.8000000000000000e+01,24.797,450.016,171.5,5.0000000000000000e+01,474.813,171.5,5.0000000000000000e+01,33.516,445.648,171.5,0.0000000000000000e+00,479.164,171.5,0.0000000000000000e+00,26.34183689,5.97607489885,0:09:43 (H:M:S)
Run-88,42.5,0.0,6.0,47.04,42.1255952582,43.25,3.0,30.0,42.5043058136,16.8408888889,454.07,171.5,9.8000000000000000e+01,470.910888889,171.5,9.8000000000000000e+01,26.57,449.125,171.5,5.0000000000000000e+01,475.695,171.5,5.0000000000000000e+01,37.04,443.898,171.5,0.0000000000000000e+00,480.938,171.5,0.0000000000000000e+00,26.3286258508,7.00060987147,0:09:10 (H:M:S)
Run-89,42.5,0.0,7.0,47.04,42.1255952582,43.25,3.0,30.0,40.9934938191,16.993,454.023,171.5,9.8000000000000000e+01,471.016,171.5,9.8000000000000000e+01,28.281,448.266,171.5,5.0000000000000000e+01,476.547,171.5,5.0000000000000000e+01,40.532,442.148,171.5,0.0000000000000000e+00,482.68,171.5,0.0000000000000000e+00,26.2988190283,7.91224872906,0:09:17 (H:M:S)
Run-90,42.5,2.0,3.0,43.04,38.1255952582,43.25,3.0,30.0,38.8334529792,16.719,456.086,171.5,9.8000000000000000e+01,472.805,171.5,9.8000000000000000e+01,21.297,453.766,171.5,5.0000000000000000e+01,475.063,171.5,5.0000000000000000e+01,26.547,451.133,171.5,0.0000000000000000e+00,477.68,171.5,0.0000000000000000e+00,30.7502585586,4.23670015751,0:09:11 (H:M:S)
Run-91,42.5,2.0,4.0,43.04,38.1255952582,43.25,3.0,30.0,38.7608695652,16.804,456.055,171.5,9.8000000000000000e+01,472.859,171.5,9.8000000000000000e+01,23.063,452.898,171.5,5.0000000000000000e+01,475.961,171.5,5.0000000000000000e+01,30.047,449.398,171.5,0.0000000000000000e+00,479.445,171.5,0.0000000000000000e+00,30.5329307658,5.10499898364,0:09:05 (H:M:S)
Run-92,42.5,2.0,5.0,43.04,38.1255952582,43.25,3.0,30.0,38.6763157895,16.879,456.023,171.5,9.8000000000000000e+01,472.902,171.5,9.8000000000000000e+01,24.797,452.016,171.5,5.0000000000000000e+01,476.813,171.5,5.0000000000000000e+01,33.516,447.648,171.5,0.0000000000000000e+00,481.164,171.5,0.0000000000000000e+00,30.34183689,5.97526633522,0:09:27 (H:M:S)
Run-93,42.5,2.0,6.0,43.04,38.1255952582,43.25,3.0,30.0,38.5043061782,16.914,456.031,171.5,9.8000000000000000e+01,472.945,171.5,9.8000000000000000e+01,26.554,451.141,171.5,5.0000000000000000e+01,477.695,171.5,5.0000000000000000e+01,37.024,445.914,171.5,0.0000000000000000e+00,482.938,171.5,0.0000000000000000e+00,30.3280383359,7.00265640964,0:09:16 (H:M:S)
Run-94,42.5,2.0,7.0,43.04,38.1255952582,43.25,3.0,30.0,36.9934938191,16.993,456.023,171.5,9.8000000000000000e+01,473.016,171.5,9.8000000000000000e+01,28.281,450.266,171.5,5.0000000000000000e+01,478.547,171.5,5.0000000000000000e+01,40.532,444.148,171.5,0.0000000000000000e+00,484.68,171.5,0.0000000000000000e+00,30.2986743174,NOVAL,0:09:20 (H:M:S)
Run-95,42.5,4.0,3.0,39.04,34.1255952582,43.25,3.0,30.0,34.8334529792,16.719,458.086,171.5,9.8000000000000000e+01,474.805,171.5,9.8000000000000000e+01,21.297,455.766,171.5,5.0000000000000000e+01,477.063,171.5,5.0000000000000000e+01,26.547,453.133,171.5,0.0000000000000000e+00,479.68,171.5,0.0000000000000000e+00,34.7527170509,4.68304700259,0:08:56 (H:M:S)
Run-96,42.5,4.0,4.0,39.04,34.1255952582,43.25,3.0,30.0,34.7608695652,16.804,458.055,171.5,9.8000000000000000e+01,474.859,171.5,9.8000000000000000e+01,23.063,454.898,171.5,5.0000000000000000e+01,477.961,171.5,5.0000000000000000e+01,30.054,451.391,171.5,0.0000000000000000e+00,481.445,171.5,0.0000000000000000e+00,34.5329307658,5.10499898364,0:08:55 (H:M:S)
Run-97,42.5,4.0,5.0,39.04,34.1255952582,43.25,3.0,30.0,34.6752143993,16.879,458.023,171.5,9.8000000000000000e+01,474.902,171.5,9.8000000000000000e+01,24.797,454.016,171.5,5.0000000000000000e+01,478.813,171.5,5.0000000000000000e+01,33.516,449.648,171.5,0.0000000000000000e+00,483.164,171.5,0.0000000000000000e+00,34.34183689,5.97526633522,0:09:11 (H:M:S)
Run-98,42.5,4.0,6.0,39.04,34.1255952582,43.25,3.0,30.0,34.5043061782,16.914,458.031,171.5,9.8000000000000000e+01,474.945,171.5,9.8000000000000000e+01,26.554,453.141,171.5,5.0000000000000000e+01,479.695,171.5,5.0000000000000000e+01,37.024,447.914,171.5,0.0000000000000000e+00,484.938,171.5,0.0000000000000000e+00,34.3280383359,NOVAL,0:09:06 (H:M:S)
Run-99,42.5,4.0,7.0,39.04,34.1255952582,43.25,3.0,30.0,32.9934938191,16.993,458.023,171.5,9.8000000000000000e+01,475.016,171.5,9.8000000000000000e+01,28.281,452.266,171.5,5.0000000000000000e+01,480.547,171.5,5.0000000000000000e+01,40.532,446.148,171.5,0.0000000000000000e+00,486.68,171.5,0.0000000000000000e+00,34.2986743174,NOVAL,0:09:02 (H:M:S)
Run-100,45.0,-4.0,3.0,55.04,50.1255952582,43.25,3.0,30.0,50.8334529792,18.258,448.547,171.5,9.8000000000000000e+01,466.805,171.5,9.8000000000000000e+01,23.219,445.844,171.5,5.0000000000000000e+01,469.063,171.5,5.0000000000000000e+01,28.477,443.211,171.5,0.0000000000000000e+00,471.688,171.5,0.0000000000000000e+00,14.9145373619,5.03310287862,0:09:21 (H:M:S)
Run-101,45.0,-4.0,4.0,55.04,50.1255952582,43.25,3.0,30.0,50.7608695652,18.357,448.508,171.5,9.8000000000000000e+01,466.865,171.5,9.8000000000000000e+01,24.992,444.969,171.5,5.0000000000000000e+01,469.961,171.5,5.0000000000000000e+01,31.968,441.477,171.5,0.0000000000000000e+00,473.445,171.5,0.0000000000000000e+00,14.8846027349,5.25421980233,0:09:24 (H:M:S)
Run-102,45.0,-4.0,5.0,55.04,50.1255952582,43.25,3.0,30.0,50.6767411301,18.461,448.453,171.5,9.8000000000000000e+01,466.914,171.5,9.8000000000000000e+01,26.735,444.078,171.5,5.0000000000000000e+01,470.813,171.5,5.0000000000000000e+01,35.437,439.727,171.5,0.0000000000000000e+00,475.164,171.5,0.0000000000000000e+00,14.7931414607,6.15657213654,0:09:31 (H:M:S)
Run-103,45.0,-4.0,6.0,55.04,50.1255952582,43.25,3.0,30.0,49.7512000216,18.51275,448.414,171.5,9.8000000000000000e+01,466.92675,171.5,9.8000000000000000e+01,28.493,443.195,171.5,5.0000000000000000e+01,471.688,171.5,5.0000000000000000e+01,38.961,437.969,171.5,0.0000000000000000e+00,476.93,171.5,0.0000000000000000e+00,14.7679362495,6.99958704867,0:09:30 (H:M:S)
Run-104,45.0,-4.0,7.0,55.04,50.1255952582,43.25,3.0,30.0,48.9934938191,18.649,448.367,171.5,9.8000000000000000e+01,467.016,171.5,9.8000000000000000e+01,30.227,442.32,171.5,5.0000000000000000e+01,472.547,171.5,5.0000000000000000e+01,42.477,436.203,171.5,0.0000000000000000e+00,478.68,171.5,0.0000000000000000e+00,14.6685705198,7.91281424441,0:09:37 (H:M:S)
Run-105,45.0,-2.0,3.0,51.04,46.1255952582,43.25,3.0,30.0,46.8334529792,18.258,450.547,171.5,9.8000000000000000e+01,468.805,171.5,9.8000000000000000e+01,23.219,447.844,171.5,5.0000000000000000e+01,471.063,171.5,5.0000000000000000e+01,28.469,445.211,171.5,0.0000000000000000e+00,473.68,171.5,0.0000000000000000e+00,18.9145373619,4.68437347222,0:09:09 (H:M:S)
Run-106,45.0,-2.0,4.0,51.04,46.1255952582,43.25,3.0,30.0,46.7608695652,18.363,450.5,171.5,9.8000000000000000e+01,468.863,171.5,9.8000000000000000e+01,24.992,446.969,171.5,5.0000000000000000e+01,471.961,171.5,5.0000000000000000e+01,31.968,443.477,171.5,0.0000000000000000e+00,475.445,171.5,0.0000000000000000e+00,18.8827691838,5.10641702686,0:09:12 (H:M:S)
Run-107,45.0,-2.0,5.0,51.04,46.1255952582,43.25,3.0,30.0,46.674330896,18.457,450.453,171.5,9.8000000000000000e+01,468.91,171.5,9.8000000000000000e+01,26.735,446.078,171.5,5.0000000000000000e+01,472.813,171.5,5.0000000000000000e+01,35.437,441.727,171.5,0.0000000000000000e+00,477.164,171.5,0.0000000000000000e+00,18.7931414607,5.97445798957,0:09:32 (H:M:S)
Run-108,45.0,-2.0,6.0,51.04,46.1255952582,43.25,3.0,30.0,45.7512000216,18.5,450.414,171.5,9.8000000000000000e+01,468.914,171.5,9.8000000000000000e+01,28.493,445.195,171.5,5.0000000000000000e+01,473.688,171.5,5.0000000000000000e+01,38.961,439.969,171.5,0.0000000000000000e+00,478.93,171.5,0.0000000000000000e+00,18.7674603383,6.99958704867,0:09:21 (H:M:S)
Run-109,45.0,-2.0,7.0,51.04,46.1255952582,43.25,3.0,30.0,44.9934938191,18.656,450.367,171.5,9.8000000000000000e+01,469.023,171.5,9.8000000000000000e+01,30.227,444.32,171.5,5.0000000000000000e+01,474.547,171.5,5.0000000000000000e+01,42.477,438.203,171.5,0.0000000000000000e+00,480.68,171.5,0.0000000000000000e+00,18.6678135197,7.91168329402,0:09:26 (H:M:S)
Run-110,45.0,0.0,3.0,47.04,42.1255952582,43.25,3.0,30.0,42.8334529792,18.258,452.547,171.5,9.8000000000000000e+01,470.805,171.5,9.8000000000000000e+01,23.219,449.844,171.5,5.0000000000000000e+01,473.063,171.5,5.0000000000000000e+01,28.469,447.211,171.5,0.0000000000000000e+00,475.68,171.5,0.0000000000000000e+00,22.9145373619,4.68437347222,0:09:07 (H:M:S)
Run-111,45.0,0.0,4.0,47.04,42.1255952582,43.25,3.0,30.0,42.7608695652,18.363,452.5,171.5,9.8000000000000000e+01,470.863,171.5,9.8000000000000000e+01,24.992,448.969,171.5,5.0000000000000000e+01,473.961,171.5,5.0000000000000000e+01,31.968,445.477,171.5,0.0000000000000000e+00,477.445,171.5,0.0000000000000000e+00,22.8827691838,5.10641702686,0:09:21 (H:M:S)
Run-112,45.0,0.0,5.0,47.04,42.1255952582,43.25,3.0,30.0,42.6730145098,18.461,452.453,171.5,9.8000000000000000e+01,470.914,171.5,9.8000000000000000e+01,26.735,448.078,171.5,5.0000000000000000e+01,474.813,171.5,5.0000000000000000e+01,35.43,443.734,171.5,0.0000000000000000e+00,479.164,171.5,0.0000000000000000e+00,22.7931414607,5.97567058978,0:09:38 (H:M:S)
Run-113,45.0,0.0,6.0,47.04,42.1255952582,43.25,3.0,30.0,40.9985746183,18.51375,452.414,171.5,9.8000000000000000e+01,470.92775,171.5,9.8000000000000000e+01,28.5,447.195,171.5,5.0000000000000000e+01,475.695,171.5,5.0000000000000000e+01,38.961,441.969,171.5,0.0000000000000000e+00,480.93,171.5,0.0000000000000000e+00,22.7679362495,6.99958704867,0:09:26 (H:M:S)
Run-114,45.0,0.0,7.0,47.04,42.1255952582,43.25,3.0,30.0,40.9934938191,18.656,452.367,171.5,9.8000000000000000e+01,471.023,171.5,9.8000000000000000e+01,30.227,446.32,171.5,5.0000000000000000e+01,476.547,171.5,5.0000000000000000e+01,42.477,440.203,171.5,0.0000000000000000e+00,482.68,171.5,0.0000000000000000e+00,22.6685705198,7.91281424441,0:09:22 (H:M:S)
Run-115,45.0,2.0,3.0,43.04,38.1255952582,43.25,3.0,30.0,38.8334529792,18.258,454.547,171.5,9.8000000000000000e+01,472.805,171.5,9.8000000000000000e+01,23.219,451.844,171.5,5.0000000000000000e+01,475.063,171.5,5.0000000000000000e+01,28.469,449.211,171.5,0.0000000000000000e+00,477.68,171.5,0.0000000000000000e+00,26.9145373619,4.23639479906,0:09:25 (H:M:S)
Run-116,45.0,2.0,4.0,43.04,38.1255952582,43.25,3.0,30.0,38.7608695652,18.363,454.5,171.5,9.8000000000000000e+01,472.863,171.5,9.8000000000000000e+01,24.992,450.969,171.5,5.0000000000000000e+01,475.961,171.5,5.0000000000000000e+01,31.968,447.477,171.5,0.0000000000000000e+00,479.445,171.5,0.0000000000000000e+00,26.8827691838,5.1060624424,0:09:42 (H:M:S)
Run-117,45.0,2.0,5.0,43.04,38.1255952582,43.25,3.0,30.0,38.6734433425,18.461,454.453,171.5,9.8000000000000000e+01,472.914,171.5,9.8000000000000000e+01,26.735,450.078,171.5,5.0000000000000000e+01,476.813,171.5,5.0000000000000000e+01,35.437,445.727,171.5,0.0000000000000000e+00,481.164,171.5,0.0000000000000000e+00,26.7931414607,6.00859719682,0:10:08 (H:M:S)
Run-118,45.0,2.0,6.0,43.04,38.1255952582,43.25,3.0,30.0,36.9985746183,18.5,454.414,171.5,9.8000000000000000e+01,472.914,171.5,9.8000000000000000e+01,28.493,449.195,171.5,5.0000000000000000e+01,477.688,171.5,5.0000000000000000e+01,38.961,443.969,171.5,0.0000000000000000e+00,482.93,171.5,0.0000000000000000e+00,26.7679362495,7.00112139442,0:09:48 (H:M:S)
Run-119,45.0,2.0,7.0,43.04,38.1255952582,43.25,3.0,30.0,36.9934938191,18.649,454.367,171.5,9.8000000000000000e+01,473.016,171.5,9.8000000000000000e+01,30.227,448.32,171.5,5.0000000000000000e+01,478.547,171.5,5.0000000000000000e+01,42.477,442.203,171.5,0.0000000000000000e+00,484.68,171.5,0.0000000000000000e+00,26.6685705198,NOVAL,0:09:44 (H:M:S)
Run-120,45.0,4.0,3.0,39.04,34.1255952582,43.25,3.0,30.0,34.8334529792,18.258,456.547,171.5,9.8000000000000000e+01,474.805,171.5,9.8000000000000000e+01,23.219,453.844,171.5,5.0000000000000000e+01,477.063,171.5,5.0000000000000000e+01,28.469,451.211,171.5,0.0000000000000000e+00,479.68,171.5,0.0000000000000000e+00,30.9145373619,4.23639479906,0:09:21 (H:M:S)
Run-121,45.0,4.0,4.0,39.04,34.1255952582,43.25,3.0,30.0,34.7608695652,18.365,456.5,171.5,9.8000000000000000e+01,474.865,171.5,9.8000000000000000e+01,24.992,452.969,171.5,5.0000000000000000e+01,477.961,171.5,5.0000000000000000e+01,31.968,449.477,171.5,0.0000000000000000e+00,481.445,171.5,0.0000000000000000e+00,30.8827691838,5.1060624424,0:09:27 (H:M:S)
Run-122,45.0,4.0,5.0,39.04,34.1255952582,43.25,3.0,30.0,34.6719160105,18.461,456.453,171.5,9.8000000000000000e+01,474.914,171.5,9.8000000000000000e+01,26.735,452.078,171.5,5.0000000000000000e+01,478.813,171.5,5.0000000000000000e+01,35.437,447.727,171.5,0.0000000000000000e+00,483.164,171.5,0.0000000000000000e+00,30.7931414607,6.00859719682,0:09:44 (H:M:S)
Run-123,45.0,4.0,6.0,39.04,34.1255952582,43.25,3.0,30.0,33.7512000216,18.5,456.414,171.5,9.8000000000000000e+01,474.914,171.5,9.8000000000000000e+01,28.493,451.195,171.5,5.0000000000000000e+01,479.688,171.5,5.0000000000000000e+01,38.961,445.969,171.5,0.0000000000000000e+00,484.93,171.5,0.0000000000000000e+00,30.7679362495,NOVAL,0:09:03 (H:M:S)
Run-124,45.0,4.0,7.0,39.04,34.1255952582,43.25,3.0,30.0,32.9934938191,18.656,456.367,171.5,9.8000000000000000e+01,475.023,171.5,9.8000000000000000e+01,30.227,450.32,171.5,5.0000000000000000e+01,480.547,171.5,5.0000000000000000e+01,42.477,444.203,171.5,0.0000000000000000e+00,486.68,171.5,0.0000000000000000e+00,30.6685705198,NOVAL,0:07:57 (H:M:S)

# Finished,2018-10-13 13:43:05
# Run time,4:37:39 (H:M:S)
